parent,node,PHYLUM,ORDER,GENUS
Bacteria,Acidobacteria,Acidobacteria,,
Acidobacteria,Acidobacteriales,,Acidobacteriales,
Acidobacteriales,Acidisarcina,,,Acidisarcina
Acidobacteriales,Acidobacterium,,,Acidobacterium
Acidobacteriales,Alloacidobacterium,,,Alloacidobacterium
Acidobacteriales,Edaphobacter,,,Edaphobacter
Acidobacteriales,Granulicella,,,Granulicella
Acidobacteriales,Occallatibacter,,,Occallatibacter
Acidobacteriales,Terriglobus,,,Terriglobus
Acidobacteria,Bryobacterales,,Bryobacterales,
Bryobacterales,Paludibaculum,,,Paludibaculum
Acidobacteria,Chloracidobacterium,,Chloracidobacterium,
Acidobacteria,Acanthopleuribacterales,,Acanthopleuribacterales,
Acanthopleuribacterales,Sulfidibacter,,,Sulfidibacter
Acidobacteria,Thermotomaculales,,Thermotomaculales,
Thermotomaculales,Thermotomaculum,,,Thermotomaculum
Acidobacteria,Vicinamibacterales,,Vicinamibacterales,
Vicinamibacterales,Luteitalea,,,Luteitalea
Bacteria,Aquificae,Aquificae,,
Aquificae,Aquificales,,Aquificales,
Aquificales,Aquifex,,,Aquifex
Aquificales,Hydrogenobacter,,,Hydrogenobacter
Aquificales,Hydrogenobaculum,,,Hydrogenobaculum
Aquificales,Thermocrinis,,,Thermocrinis
Aquificales,Thermosulfidibacter,,,Thermosulfidibacter
Aquificales,Persephonella,,,Persephonella
Aquificales,Sulfurihydrogenibium,,,Sulfurihydrogenibium
Aquificae,Desulfurobacteriales,,Desulfurobacteriales,
Desulfurobacteriales,Desulfurobacterium,,,Desulfurobacterium
Desulfurobacteriales,Thermovibrio,,,Thermovibrio
Bacteria,Atribacterota,Atribacterota,,
Atribacterota,Atribacterales,,Atribacterales,
Atribacterales,Atribacter,,,Atribacter
Bacteria,Caldiserica,Caldiserica,,
Caldiserica,Caldisericales,,Caldisericales,
Caldisericales,Caldisericum,,,Caldisericum
Bacteria,Calditrichaeota,Calditrichaeota,,
Calditrichaeota,Calditrichales,,Calditrichales,
Calditrichales,Caldithrix,,,Caldithrix
Bacteria,Chrysiogenetes,Chrysiogenetes,,
Chrysiogenetes,Chrysiogenales,,Chrysiogenales,
Chrysiogenales,Desulfurispirillum,,,Desulfurispirillum
Bacteria,Deferribacteres,Deferribacteres,,
Deferribacteres,Deferribacterales,,Deferribacterales,
Deferribacterales,Calditerrivibrio,,,Calditerrivibrio
Deferribacterales,Deferribacter,,,Deferribacter
Deferribacterales,Flexistipes,,,Flexistipes
Deferribacterales,Denitrovibrio,,,Denitrovibrio
Deferribacterales,Geovibrio,,,Geovibrio
Deferribacterales,Mucispirillum,,,Mucispirillum
Bacteria,Dictyoglomi,Dictyoglomi,,
Dictyoglomi,Dictyoglomales,,Dictyoglomales,
Dictyoglomales,Dictyoglomus,,,Dictyoglomus
Bacteria,Elusimicrobia,Elusimicrobia,,
Elusimicrobia,Elusimicrobiales,,Elusimicrobiales,
Elusimicrobiales,Elusimicrobium,,,Elusimicrobium
Elusimicrobia,Endomicrobiales,,Endomicrobiales,
Endomicrobiales,Endomicrobium,,,Endomicrobium
Bacteria,,,,
,,,,
,Cyclonatronum,,,Cyclonatronum
Bacteria,Bacteroidota,Bacteroidota,,
Bacteroidota,Salinibacter,,Salinibacter,
Bacteroidota,Rhodothermus,,Rhodothermus,
Bacteroidota,Bacteroidales,,Bacteroidales,
Bacteroidales,Bacteroides,,,Bacteroides
Bacteroidales,Phocaeicola,,,Phocaeicola
Bacteroidales,Barnesiella,,,Barnesiella
Bacteroidales,Coprobacter,,,Coprobacter
Bacteroidales,Dysgonomonas,,,Dysgonomonas
Bacteroidales,Petrimonas,,,Petrimonas
Bacteroidales,Proteiniphilum,,,Proteiniphilum
Bacteroidales,Duncaniella,,,Duncaniella
Bacteroidales,Muribaculum,,,Muribaculum
Bacteroidales,Sodaliphilus,,,Sodaliphilus
Bacteroidales,Butyricimonas,,,Butyricimonas
Bacteroidales,Odoribacter,,,Odoribacter
Bacteroidales,Paludibacter,,,Paludibacter
Bacteroidales,Microbacter,,,Microbacter
Bacteroidales,Porphyromonas,,,Porphyromonas
Bacteroidales,Paraprevotella,,,Paraprevotella
Bacteroidales,Prevotella,,,Prevotella
Bacteroidales,Pseudoprevotella,,,Pseudoprevotella
Bacteroidales,Alistipes,,,Alistipes
Bacteroidales,Salinivirga,,,Salinivirga
Bacteroidales,Parabacteroides,,,Parabacteroides
Bacteroidales,Tannerella,,,Tannerella
Bacteroidales,Tenuifilum,,,Tenuifilum
Bacteroidota,Marinilabiliales,,Marinilabiliales,
Marinilabiliales,Labilibaculum,,,Labilibaculum
Marinilabiliales,Alkaliflexus,,,Alkaliflexus
Marinilabiliales,Alkalitalea,,,Alkalitalea
Marinilabiliales,Draconibacterium,,,Draconibacterium
Marinilabiliales,Maribellus,,,Maribellus
Bacteroidota,Chitinophagales,,Chitinophagales,
Chitinophagales,Arachidicoccus,,,Arachidicoccus
Chitinophagales,Chitinophaga,,,Chitinophaga
Chitinophagales,Ferruginibacter,,,Ferruginibacter
Chitinophagales,Filimonas,,,Filimonas
Chitinophagales,Flavihumibacter,,,Flavihumibacter
Chitinophagales,Flavisolibacter,,,Flavisolibacter
Chitinophagales,Lacibacter,,,Lacibacter
Chitinophagales,Niabella,,,Niabella
Chitinophagales,Niastella,,,Niastella
Chitinophagales,Panacibacter,,,Panacibacter
Chitinophagales,Paraflavitalea,,,Paraflavitalea
Chitinophagales,Phnomibacter,,,Phnomibacter
Chitinophagales,Pseudobacter,,,Pseudobacter
Chitinophagales,Pseudocnuella,,,Pseudocnuella
Chitinophagales,Sediminibacterium,,,Sediminibacterium
Bacteroidota,Cytophagales,,Cytophagales,
Cytophagales,Bernardetia,,,Bernardetia
Cytophagales,Algoriphagus,,,Algoriphagus
Cytophagales,Belliella,,,Belliella
Cytophagales,Cyclobacterium,,,Cyclobacterium
Cytophagales,Echinicola,,,Echinicola
Cytophagales,Mongoliitalea,,,Mongoliitalea
Cytophagales,Aquirufa,,,Aquirufa
Cytophagales,Cytophaga,,,Cytophaga
Cytophagales,Rhodocytophaga,,,Rhodocytophaga
Cytophagales,Spirosoma,,,Spirosoma
Cytophagales,Tellurirhabdus,,,Tellurirhabdus
Cytophagales,Flammeovirga,,,Flammeovirga
Cytophagales,Chryseolinea,,,Chryseolinea
Cytophagales,Fulvivirga,,,Fulvivirga
Cytophagales,Adhaeribacter,,,Adhaeribacter
Cytophagales,Hymenobacter,,,Hymenobacter
Cytophagales,Nibribacter,,,Nibribacter
Cytophagales,Pontibacter,,,Pontibacter
Cytophagales,Rufibacter,,,Rufibacter
Cytophagales,Mangrovivirga,,,Mangrovivirga
Cytophagales,Marivirga,,,Marivirga
Cytophagales,Persicobacter,,,Persicobacter
Cytophagales,Reichenbachiella,,,Reichenbachiella
Cytophagales,Arcticibacterium,,,Arcticibacterium
Cytophagales,Dyadobacter,,,Dyadobacter
Cytophagales,Emticicia,,,Emticicia
Cytophagales,Fibrella,,,Fibrella
Cytophagales,Larkinella,,,Larkinella
Cytophagales,Leadbetterella,,,Leadbetterella
Cytophagales,Marinilongibacter,,,Marinilongibacter
Cytophagales,Runella,,,Runella
Bacteroidota,Flavobacteriales,,Flavobacteriales,
Flavobacteriales,Blattabacterium,,,Blattabacterium
Flavobacteriales,Crocinitomix,,,Crocinitomix
Flavobacteriales,Fluviicola,,,Fluviicola
Flavobacteriales,Abyssalbus,,,Abyssalbus
Flavobacteriales,Actibacter,,,Actibacter
Flavobacteriales,Aegicerativicinus,,,Aegicerativicinus
Flavobacteriales,Aequorivita,,,Aequorivita
Flavobacteriales,Aggregatimonas,,,Aggregatimonas
Flavobacteriales,Algibacter,,,Algibacter
Flavobacteriales,Constantimarinum,,,Constantimarinum
Flavobacteriales,Amniculibacterium,,,Amniculibacterium
Flavobacteriales,Antarcticibacterium,,,Antarcticibacterium
Flavobacteriales,Aquimarina,,,Aquimarina
Flavobacteriales,Arenibacter,,,Arenibacter
Flavobacteriales,Aureibaculum,,,Aureibaculum
Flavobacteriales,Bizionia,,,Bizionia
Flavobacteriales,Capnocytophaga,,,Capnocytophaga
Flavobacteriales,Cellulophaga,,,Cellulophaga
Flavobacteriales,Changchengzhania,,,Changchengzhania
Flavobacteriales,Costertonia,,,Costertonia
Flavobacteriales,Croceibacter,,,Croceibacter
Flavobacteriales,Dokdonia,,,Dokdonia
Flavobacteriales,Euzebyella,,,Euzebyella
Flavobacteriales,Flagellimonas,,,Flagellimonas
Flavobacteriales,Flavivirga,,,Flavivirga
Flavobacteriales,Flavobacterium,,,Flavobacterium
Flavobacteriales,Formosa,,,Formosa
Flavobacteriales,Galbibacter,,,Galbibacter
Flavobacteriales,Gramella,,,Gramella
Flavobacteriales,Kordia,,,Kordia
Flavobacteriales,Lacinutrix,,,Lacinutrix
Flavobacteriales,Leeuwenhoekiella,,,Leeuwenhoekiella
Flavobacteriales,Lutibacter,,,Lutibacter
Flavobacteriales,Maribacter,,,Maribacter
Flavobacteriales,Mariniflexile,,,Mariniflexile
Flavobacteriales,Marixanthomonas,,,Marixanthomonas
Flavobacteriales,Mesoflavibacter,,,Mesoflavibacter
Flavobacteriales,Muricauda,,,Muricauda
Flavobacteriales,Muriicola,,,Muriicola
Flavobacteriales,Myroides,,,Myroides
Flavobacteriales,Nonlabens,,,Nonlabens
Flavobacteriales,Oceanihabitans,,,Oceanihabitans
Flavobacteriales,Olleya,,,Olleya
Flavobacteriales,Polaribacter,,,Polaribacter
Flavobacteriales,Psychroflexus,,,Psychroflexus
Flavobacteriales,Psychroserpens,,,Psychroserpens
Flavobacteriales,Pukyongia,,,Pukyongia
Flavobacteriales,Rasiella,,,Rasiella
Flavobacteriales,Robiginitalea,,,Robiginitalea
Flavobacteriales,Sabulilitoribacter,,,Sabulilitoribacter
Flavobacteriales,Salegentibacter,,,Salegentibacter
Flavobacteriales,Salinimicrobium,,,Salinimicrobium
Flavobacteriales,Sediminicola,,,Sediminicola
Flavobacteriales,Seonamhaeicola,,,Seonamhaeicola
Flavobacteriales,Siansivirga,,,Siansivirga
Flavobacteriales,Sinomicrobium,,,Sinomicrobium
Flavobacteriales,Tamlana,,,Tamlana
Flavobacteriales,Tenacibaculum,,,Tenacibaculum
Flavobacteriales,Urechidicola,,,Urechidicola
Flavobacteriales,Wenyingzhuangia,,,Wenyingzhuangia
Flavobacteriales,Winogradskyella,,,Winogradskyella
Flavobacteriales,Zhouia,,,Zhouia
Flavobacteriales,Zobellia,,,Zobellia
Flavobacteriales,Zunongwangia,,,Zunongwangia
Flavobacteriales,Ichthyobacterium,,,Ichthyobacterium
Flavobacteriales,Parvicella,,,Parvicella
Flavobacteriales,Croceimicrobium,,,Croceimicrobium
Flavobacteriales,Owenweeksia,,,Owenweeksia
Flavobacteriales,Apibacter,,,Apibacter
Flavobacteriales,Bergeyella,,,Bergeyella
Flavobacteriales,Chryseobacterium,,,Chryseobacterium
Flavobacteriales,Epilithonimonas,,,Epilithonimonas
Flavobacteriales,Kaistella,,,Kaistella
Flavobacteriales,Cloacibacterium,,,Cloacibacterium
Flavobacteriales,Cruoricaptor,,,Cruoricaptor
Flavobacteriales,Elizabethkingia,,,Elizabethkingia
Flavobacteriales,Empedobacter,,,Empedobacter
Flavobacteriales,Faecalibacter,,,Faecalibacter
Flavobacteriales,Ornithobacterium,,,Ornithobacterium
Flavobacteriales,Riemerella,,,Riemerella
Flavobacteriales,Weeksella,,,Weeksella
Bacteroidota,Saprospirales,,Saprospirales,
Saprospirales,Haliscomenobacter,,,Haliscomenobacter
Saprospirales,Aureispira,,,Aureispira
Saprospirales,Saprospira,,,Saprospira
Bacteroidota,Sphingobacteriales,,Sphingobacteriales,
Sphingobacteriales,Anseongella,,,Anseongella
Sphingobacteriales,Mucilaginibacter,,,Mucilaginibacter
Sphingobacteriales,Olivibacter,,,Olivibacter
Sphingobacteriales,Pedobacter,,,Pedobacter
Sphingobacteriales,Pseudopedobacter,,,Pseudopedobacter
Sphingobacteriales,Solitalea,,,Solitalea
Sphingobacteriales,Sphingobacterium,,,Sphingobacterium
Bacteria,Chlorobi,Chlorobi,,
Chlorobi,Chlorobiales,,Chlorobiales,
Chlorobiales,Chlorobaculum,,,Chlorobaculum
Chlorobiales,Chlorobium,,,Chlorobium
Chlorobiales,Pelodictyon,,,Pelodictyon
Chlorobiales,Prosthecochloris,,,Prosthecochloris
Chlorobiales,Chloroherpeton,,,Chloroherpeton
Bacteria,Ignavibacteriae,Ignavibacteriae,,
Ignavibacteriae,Ignavibacteriales,,Ignavibacteriales,
Ignavibacteriales,Ignavibacterium,,,Ignavibacterium
Ignavibacteriales,Melioribacter,,,Melioribacter
Bacteria,Fibrobacteres,Fibrobacteres,,
Fibrobacteres,Fibrobacterales,,Fibrobacterales,
Fibrobacterales,Fibrobacter,,,Fibrobacter
Bacteria,Gemmatimonadetes,Gemmatimonadetes,,
Gemmatimonadetes,Gemmatimonadales,,Gemmatimonadales,
Gemmatimonadales,Gemmatimonas,,,Gemmatimonas
Gemmatimonadales,Gemmatirosa,,,Gemmatirosa
Bacteria,Fusobacteria,Fusobacteria,,
Fusobacteria,Fusobacteriales,,Fusobacteriales,
Fusobacteriales,Cetobacterium,,,Cetobacterium
Fusobacteriales,Fusobacterium,,,Fusobacterium
Fusobacteriales,Ilyobacter,,,Ilyobacter
Fusobacteriales,Leptotrichia,,,Leptotrichia
Fusobacteriales,Pseudoleptotrichia,,,Pseudoleptotrichia
Fusobacteriales,Sebaldella,,,Sebaldella
Fusobacteriales,Sneathia,,,Sneathia
Fusobacteriales,Streptobacillus,,,Streptobacillus
Bacteria,Nitrospirae,Nitrospirae,,
Nitrospirae,Nitrospirales,,Nitrospirales,
Nitrospirales,Leptospirillum,,,Leptospirillum
Nitrospirae,Nitrospira,,Nitrospira,
Nitrospirae,Thermodesulfovibrionales,,Thermodesulfovibrionales,
Thermodesulfovibrionales,Dissulfurispira,,,Dissulfurispira
Thermodesulfovibrionales,Thermodesulfovibrio,,,Thermodesulfovibrio
Bacteria,Pseudomonadota,Pseudomonadota,,
Pseudomonadota,Caulobacterales,,Caulobacterales,
Caulobacterales,Asticcacaulis,,,Asticcacaulis
Caulobacterales,Brevundimonas,,,Brevundimonas
Caulobacterales,Caulobacter,,,Caulobacter
Caulobacterales,Phenylobacterium,,,Phenylobacterium
Caulobacterales,Terricaulis,,,Terricaulis
Pseudomonadota,Emcibacterales,,Emcibacterales,
Emcibacterales,Luteithermobacter,,,Luteithermobacter
Emcibacterales,Paremcibacter,,,Paremcibacter
Pseudomonadota,Hyphomicrobiales,,Hyphomicrobiales,
Hyphomicrobiales,Acuticoccus,,,Acuticoccus
Hyphomicrobiales,Aurantimonas,,,Aurantimonas
Hyphomicrobiales,Aureimonas,,,Aureimonas
Hyphomicrobiales,Jiella,,,Jiella
Hyphomicrobiales,Martelella,,,Martelella
Hyphomicrobiales,Bartonella,,,Bartonella
Hyphomicrobiales,Beijerinckia,,,Beijerinckia
Hyphomicrobiales,Methylocella,,,Methylocella
Hyphomicrobiales,Methylovirgula,,,Methylovirgula
Hyphomicrobiales,Blastochloris,,,Blastochloris
Hyphomicrobiales,Bosea,,,Bosea
Hyphomicrobiales,Breoghania,,,Breoghania
Hyphomicrobiales,Brucella,,,Brucella
Hyphomicrobiales,Pseudochrobactrum,,,Pseudochrobactrum
Hyphomicrobiales,Chelatococcus,,,Chelatococcus
Hyphomicrobiales,Devosia,,,Devosia
Hyphomicrobiales,Maritalea,,,Maritalea
Hyphomicrobiales,Paradevosia,,,Paradevosia
Hyphomicrobiales,Pelagibacterium,,,Pelagibacterium
Hyphomicrobiales,Youhaiella,,,Youhaiella
Hyphomicrobiales,Aquabacter,,,Aquabacter
Hyphomicrobiales,Caenibius,,,Caenibius
Hyphomicrobiales,Hyphomicrobium,,,Hyphomicrobium
Hyphomicrobiales,Methyloceanibacter,,,Methyloceanibacter
Hyphomicrobiales,Methyloligella,,,Methyloligella
Hyphomicrobiales,Rhodomicrobium,,,Rhodomicrobium
Hyphomicrobiales,Rhodoplanes,,,Rhodoplanes
Hyphomicrobiales,Nordella,,,Nordella
Hyphomicrobiales,Pseudorhodoplanes,,,Pseudorhodoplanes
Hyphomicrobiales,Terrihabitans,,,Terrihabitans
Hyphomicrobiales,Kaistia,,,Kaistia
Hyphomicrobiales,Lichenihabitans,,,Lichenihabitans
Hyphomicrobiales,Methylobacterium,,,Methylobacterium
Hyphomicrobiales,Methylorubrum,,,Methylorubrum
Hyphomicrobiales,Microvirga,,,Microvirga
Hyphomicrobiales,Chenggangzhangella,,,Chenggangzhangella
Hyphomicrobiales,Methylocystis,,,Methylocystis
Hyphomicrobiales,Methylosinus,,,Methylosinus
Hyphomicrobiales,Afipia,,,Afipia
Hyphomicrobiales,Bradyrhizobium,,,Bradyrhizobium
Hyphomicrobiales,Nitrobacter,,,Nitrobacter
Hyphomicrobiales,Rhodopseudomonas,,,Rhodopseudomonas
Hyphomicrobiales,Tardiphaga,,,Tardiphaga
Hyphomicrobiales,Undibacter,,,Undibacter
Hyphomicrobiales,Variibacter,,,Variibacter
Hyphomicrobiales,Kaustia,,,Kaustia
Hyphomicrobiales,Parvibaculum,,,Parvibaculum
Hyphomicrobiales,Pyruvatibacter,,,Pyruvatibacter
Hyphomicrobiales,Phreatobacter,,,Phreatobacter
Hyphomicrobiales,Aminobacter,,,Aminobacter
Hyphomicrobiales,Aquibium,,,Aquibium
Hyphomicrobiales,Hoeflea,,,Hoeflea
Hyphomicrobiales,Lentilitoribacter,,,Lentilitoribacter
Hyphomicrobiales,Mesorhizobium,,,Mesorhizobium
Hyphomicrobiales,Nitratireductor,,,Nitratireductor
Hyphomicrobiales,Oricola,,,Oricola
Hyphomicrobiales,Phyllobacterium,,,Phyllobacterium
Hyphomicrobiales,Roseitalea,,,Roseitalea
Hyphomicrobiales,Salaquimonas,,,Salaquimonas
Hyphomicrobiales,Hartmannibacter,,,Hartmannibacter
Hyphomicrobiales,Ciceribacter,,,Ciceribacter
Hyphomicrobiales,Georhizobium,,,Georhizobium
Hyphomicrobiales,Liberibacter,,,Liberibacter
Hyphomicrobiales,Peteryoungia,,,Peteryoungia
Hyphomicrobiales,Agrobacterium,,,Agrobacterium
Hyphomicrobiales,Neorhizobium,,,Neorhizobium
Hyphomicrobiales,Pseudorhizobium,,,Pseudorhizobium
Hyphomicrobiales,Rhizobium,,,Rhizobium
Hyphomicrobiales,Shinella,,,Shinella
Hyphomicrobiales,Ensifer,,,Ensifer
Hyphomicrobiales,Sinorhizobium,,,Sinorhizobium
Hyphomicrobiales,Labrenzia,,,Labrenzia
Hyphomicrobiales,Pannonibacter,,,Pannonibacter
Hyphomicrobiales,Roseibium,,,Roseibium
Hyphomicrobiales,Stappia,,,Stappia
Hyphomicrobiales,Ancylobacter,,,Ancylobacter
Hyphomicrobiales,Azorhizobium,,,Azorhizobium
Hyphomicrobiales,Labrys,,,Labrys
Hyphomicrobiales,Pseudolabrys,,,Pseudolabrys
Hyphomicrobiales,Starkeya,,,Starkeya
Hyphomicrobiales,Xanthobacter,,,Xanthobacter
Pseudomonadota,Hyphomonadales,,Hyphomonadales,
Hyphomonadales,Hirschia,,,Hirschia
Hyphomonadales,Hyphomonas,,,Hyphomonas
Pseudomonadota,Kordiimonadales,,Kordiimonadales,
Kordiimonadales,Kordiimonas,,,Kordiimonas
Pseudomonadota,Magnetococcales,,Magnetococcales,
Magnetococcales,Magnetococcus,,,Magnetococcus
Pseudomonadota,Maricaulales,,Maricaulales,
Maricaulales,Glycocaulis,,,Glycocaulis
Maricaulales,Hyphobacterium,,,Hyphobacterium
Maricaulales,Maricaulis,,,Maricaulis
Maricaulales,Marinicauda,,,Marinicauda
Pseudomonadota,Parvularculales,,Parvularculales,
Parvularculales,Parvularcula,,,Parvularcula
Pseudomonadota,Rhodobacterales,,Rhodobacterales,
Rhodobacterales,Aliiroseovarius,,,Aliiroseovarius
Rhodobacterales,Cereibacter,,,Cereibacter
Rhodobacterales,Cognatishimia,,,Cognatishimia
Rhodobacterales,Falsirhodobacter,,,Falsirhodobacter
Rhodobacterales,Frigidibacter,,,Frigidibacter
Rhodobacterales,Fuscovulum,,,Fuscovulum
Rhodobacterales,Gemmobacter,,,Gemmobacter
Rhodobacterales,Gymnodinialimonas,,,Gymnodinialimonas
Rhodobacterales,Haematobacter,,,Haematobacter
Rhodobacterales,Neotabrizicola,,,Neotabrizicola
Rhodobacterales,Pacificitalea,,,Pacificitalea
Rhodobacterales,Paracoccus,,,Paracoccus
Rhodobacterales,Parasedimentitalea,,,Parasedimentitalea
Rhodobacterales,Paroceanicella,,,Paroceanicella
Rhodobacterales,Pelagovum,,,Pelagovum
Rhodobacterales,Pikeienuella,,,Pikeienuella
Rhodobacterales,Polymorphum,,,Polymorphum
Rhodobacterales,Pontibrevibacter,,,Pontibrevibacter
Rhodobacterales,Pontivivens,,,Pontivivens
Rhodobacterales,Profundibacter,,,Profundibacter
Rhodobacterales,Pseudohalocynthiibacter,,,Pseudohalocynthiibacter
Rhodobacterales,Pseudooceanicola,,,Pseudooceanicola
Rhodobacterales,Pseudopuniceibacterium,,,Pseudopuniceibacterium
Rhodobacterales,Pseudorhodobacter,,,Pseudorhodobacter
Rhodobacterales,Pukyongiella,,,Pukyongiella
Rhodobacterales,Qingshengfaniella,,,Qingshengfaniella
Rhodobacterales,Rhodobaca,,,Rhodobaca
Rhodobacterales,Rhodobacter,,,Rhodobacter
Rhodobacterales,Rhodophyticola,,,Rhodophyticola
Rhodobacterales,Rhodovulum,,,Rhodovulum
Rhodobacterales,Roseicitreum,,,Roseicitreum
Rhodobacterales,Silicimonas,,,Silicimonas
Rhodobacterales,Tabrizicola,,,Tabrizicola
Rhodobacterales,Thioclava,,,Thioclava
Rhodobacterales,Tritonibacter,,,Tritonibacter
Rhodobacterales,Yoonia,,,Yoonia
Rhodobacterales,Antarctobacter,,,Antarctobacter
Rhodobacterales,Celeribacter,,,Celeribacter
Rhodobacterales,Dinoroseobacter,,,Dinoroseobacter
Rhodobacterales,Falsihalocynthiibacter,,,Falsihalocynthiibacter
Rhodobacterales,Jannaschia,,,Jannaschia
Rhodobacterales,Ketogulonicigenium,,,Ketogulonicigenium
Rhodobacterales,Leisingera,,,Leisingera
Rhodobacterales,Loktanella,,,Loktanella
Rhodobacterales,Mameliella,,,Mameliella
Rhodobacterales,Maribius,,,Maribius
Rhodobacterales,Oceanicola,,,Oceanicola
Rhodobacterales,Octadecabacter,,,Octadecabacter
Rhodobacterales,Phaeobacter,,,Phaeobacter
Rhodobacterales,Ponticoccus,,,Ponticoccus
Rhodobacterales,Pseudosulfitobacter,,,Pseudosulfitobacter
Rhodobacterales,Roseibacterium,,,Roseibacterium
Rhodobacterales,Roseivivax,,,Roseivivax
Rhodobacterales,Roseobacter,,,Roseobacter
Rhodobacterales,Roseovarius,,,Roseovarius
Rhodobacterales,Ruegeria,,,Ruegeria
Rhodobacterales,Sagittula,,,Sagittula
Rhodobacterales,Salipiger,,,Salipiger
Rhodobacterales,Sulfitobacter,,,Sulfitobacter
Rhodobacterales,Tateyamaria,,,Tateyamaria
Rhodobacterales,Thalassobius,,,Thalassobius
Rhodobacterales,Thalassococcus,,,Thalassococcus
Rhodobacterales,Yangia,,,Yangia
Pseudomonadota,Rhodospirillales,,Rhodospirillales,
Rhodospirillales,Acetobacter,,,Acetobacter
Rhodospirillales,Acidibrevibacterium,,,Acidibrevibacterium
Rhodospirillales,Acidiphilium,,,Acidiphilium
Rhodospirillales,Acidocella,,,Acidocella
Rhodospirillales,Asaia,,,Asaia
Rhodospirillales,Bombella,,,Bombella
Rhodospirillales,Commensalibacter,,,Commensalibacter
Rhodospirillales,Entomobacter,,,Entomobacter
Rhodospirillales,Formicincola,,,Formicincola
Rhodospirillales,Gluconacetobacter,,,Gluconacetobacter
Rhodospirillales,Gluconobacter,,,Gluconobacter
Rhodospirillales,Granulibacter,,,Granulibacter
Rhodospirillales,Komagataeibacter,,,Komagataeibacter
Rhodospirillales,Kozakia,,,Kozakia
Rhodospirillales,Lichenicola,,,Lichenicola
Rhodospirillales,Neoasaia,,,Neoasaia
Rhodospirillales,Neokomagataea,,,Neokomagataea
Rhodospirillales,Novacetimonas,,,Novacetimonas
Rhodospirillales,Oecophyllibacter,,,Oecophyllibacter
Rhodospirillales,Parasaccharibacter,,,Parasaccharibacter
Rhodospirillales,Rhodovastum,,,Rhodovastum
Rhodospirillales,Roseococcus,,,Roseococcus
Rhodospirillales,Roseomonas,,,Roseomonas
Rhodospirillales,Sediminicoccus,,,Sediminicoccus
Rhodospirillales,Swingsia,,,Swingsia
Rhodospirillales,Azospirillum,,,Azospirillum
Rhodospirillales,Indioceanicola,,,Indioceanicola
Rhodospirillales,Nitrospirillum,,,Nitrospirillum
Rhodospirillales,Niveispirillum,,,Niveispirillum
Rhodospirillales,Skermanella,,,Skermanella
Rhodospirillales,Elioraea,,,Elioraea
Rhodospirillales,Aestuariispira,,,Aestuariispira
Rhodospirillales,Defluviicoccus,,,Defluviicoccus
Rhodospirillales,Ferrovibrio,,,Ferrovibrio
Rhodospirillales,Haematospirillum,,,Haematospirillum
Rhodospirillales,Hypericibacter,,,Hypericibacter
Rhodospirillales,Magnetospirillum,,,Magnetospirillum
Rhodospirillales,Pararhodospirillum,,,Pararhodospirillum
Rhodospirillales,Rhodospirillum,,,Rhodospirillum
Rhodospirillales,Tistrella,,,Tistrella
Rhodospirillales,Stella,,,Stella
Rhodospirillales,Terasakiella,,,Terasakiella
Rhodospirillales,Nisaea,,,Nisaea
Rhodospirillales,Magnetospira,,,Magnetospira
Rhodospirillales,Thalassospira,,,Thalassospira
Pseudomonadota,Rickettsiales,,Rickettsiales,
Rickettsiales,Anaplasma,,,Anaplasma
Rickettsiales,Ehrlichia,,,Ehrlichia
Rickettsiales,Neorickettsia,,,Neorickettsia
Rickettsiales,Wolbachia,,,Wolbachia
Rickettsiales,Orientia,,,Orientia
Rickettsiales,Rickettsia,,,Rickettsia
Pseudomonadota,Sneathiellales,,Sneathiellales,
Sneathiellales,Sneathiella,,,Sneathiella
Pseudomonadota,Sphingomonadales,,Sphingomonadales,
Sphingomonadales,Altererythrobacter,,,Altererythrobacter
Sphingomonadales,Aurantiacibacter,,,Aurantiacibacter
Sphingomonadales,Croceicoccus,,,Croceicoccus
Sphingomonadales,Erythrobacter,,,Erythrobacter
Sphingomonadales,Porphyrobacter,,,Porphyrobacter
Sphingomonadales,Paraurantiacibacter,,,Paraurantiacibacter
Sphingomonadales,Pelagerythrobacter,,,Pelagerythrobacter
Sphingomonadales,Qipengyuania,,,Qipengyuania
Sphingomonadales,Tsuneonella,,,Tsuneonella
Sphingomonadales,Aquisediminimonas,,,Aquisediminimonas
Sphingomonadales,Blastomonas,,,Blastomonas
Sphingomonadales,Citromicrobium,,,Citromicrobium
Sphingomonadales,Hankyongella,,,Hankyongella
Sphingomonadales,Novosphingobium,,,Novosphingobium
Sphingomonadales,Novosphingopyxis,,,Novosphingopyxis
Sphingomonadales,Parasphingopyxis,,,Parasphingopyxis
Sphingomonadales,Parasphingorhabdus,,,Parasphingorhabdus
Sphingomonadales,Rhizorhabdus,,,Rhizorhabdus
Sphingomonadales,Sphingobium,,,Sphingobium
Sphingomonadales,Sphingomonas,,,Sphingomonas
Sphingomonadales,Sphingopyxis,,,Sphingopyxis
Sphingomonadales,Sphingorhabdus,,,Sphingorhabdus
Sphingomonadales,Sphingosinithalassobacter,,,Sphingosinithalassobacter
Sphingomonadales,Tardibacter,,,Tardibacter
Sphingomonadales,Polymorphobacter,,,Polymorphobacter
Sphingomonadales,Sandaracinobacter,,,Sandaracinobacter
Sphingomonadales,Sphingosinicella,,,Sphingosinicella
Sphingomonadales,Zymomonas,,,Zymomonas
Pseudomonadota,Acidithiobacillales,,Acidithiobacillales,
Acidithiobacillales,Acidithiobacillus,,,Acidithiobacillus
Pseudomonadota,Casimicrobium,,Casimicrobium,
Pseudomonadota,Denitrobacter,,Denitrobacter,
Pseudomonadota,Burkholderiales,,Burkholderiales,
Burkholderiales,Achromobacter,,,Achromobacter
Burkholderiales,Advenella,,,Advenella
Burkholderiales,Alcaligenes,,,Alcaligenes
Burkholderiales,Basilea,,,Basilea
Burkholderiales,Bordetella,,,Bordetella
Burkholderiales,Castellaniella,,,Castellaniella
Burkholderiales,Kerstersia,,,Kerstersia
Burkholderiales,Oligella,,,Oligella
Burkholderiales,Orrella,,,Orrella
Burkholderiales,Paenalcaligenes,,,Paenalcaligenes
Burkholderiales,Paralcaligenes,,,Paralcaligenes
Burkholderiales,Pelistega,,,Pelistega
Burkholderiales,Pigmentiphaga,,,Pigmentiphaga
Burkholderiales,Pusillimonas,,,Pusillimonas
Burkholderiales,Taylorella,,,Taylorella
Burkholderiales,Burkholderia,,,Burkholderia
Burkholderiales,Caballeronia,,,Caballeronia
Burkholderiales,Chitinimonas,,,Chitinimonas
Burkholderiales,Cupriavidus,,,Cupriavidus
Burkholderiales,Ephemeroptericola,,,Ephemeroptericola
Burkholderiales,Lautropia,,,Lautropia
Burkholderiales,Limnobacter,,,Limnobacter
Burkholderiales,Mycetohabitans,,,Mycetohabitans
Burkholderiales,Mycoavidus,,,Mycoavidus
Burkholderiales,Pandoraea,,,Pandoraea
Burkholderiales,Paraburkholderia,,,Paraburkholderia
Burkholderiales,Polynucleobacter,,,Polynucleobacter
Burkholderiales,Ralstonia,,,Ralstonia
Burkholderiales,Leptothrix,,,Leptothrix
Burkholderiales,Paucibacter,,,Paucibacter
Burkholderiales,Rhizobacter,,,Rhizobacter
Burkholderiales,Tepidimonas,,,Tepidimonas
Burkholderiales,Thiomonas,,,Thiomonas
Burkholderiales,Xylophilus,,,Xylophilus
Burkholderiales,Acidovorax,,,Acidovorax
Burkholderiales,Alicycliphilus,,,Alicycliphilus
Burkholderiales,Comamonas,,,Comamonas
Burkholderiales,Delftia,,,Delftia
Burkholderiales,Diaphorobacter,,,Diaphorobacter
Burkholderiales,Hydrogenophaga,,,Hydrogenophaga
Burkholderiales,Kinneretia,,,Kinneretia
Burkholderiales,Limnohabitans,,,Limnohabitans
Burkholderiales,Melaminivora,,,Melaminivora
Burkholderiales,Ottowia,,,Ottowia
Burkholderiales,Polaromonas,,,Polaromonas
Burkholderiales,Pulveribacter,,,Pulveribacter
Burkholderiales,Ramlibacter,,,Ramlibacter
Burkholderiales,Rhodoferax,,,Rhodoferax
Burkholderiales,Serpentinimonas,,,Serpentinimonas
Burkholderiales,Simplicispira,,,Simplicispira
Burkholderiales,Variovorax,,,Variovorax
Burkholderiales,Verminephrobacter,,,Verminephrobacter
Burkholderiales,Collimonas,,,Collimonas
Burkholderiales,Glaciimonas,,,Glaciimonas
Burkholderiales,Herbaspirillum,,,Herbaspirillum
Burkholderiales,Herminiimonas,,,Herminiimonas
Burkholderiales,Janthinobacterium,,,Janthinobacterium
Burkholderiales,Duganella,,,Duganella
Burkholderiales,Massilia,,,Massilia
Burkholderiales,Pseudoduganella,,,Pseudoduganella
Burkholderiales,Noviherbaspirillum,,,Noviherbaspirillum
Burkholderiales,Oxalobacter,,,Oxalobacter
Burkholderiales,Aquincola,,,Aquincola
Burkholderiales,Ideonella,,,Ideonella
Burkholderiales,Inhella,,,Inhella
Burkholderiales,Methylibium,,,Methylibium
Burkholderiales,Mitsuaria,,,Mitsuaria
Burkholderiales,Roseateles,,,Roseateles
Burkholderiales,Rubrivivax,,,Rubrivivax
Burkholderiales,Schlegelella,,,Schlegelella
Burkholderiales,Sphaerotilus,,,Sphaerotilus
Burkholderiales,Sutterella,,,Sutterella
Pseudomonadota,Neisseriales,,Neisseriales,
Neisseriales,Aquaspirillum,,,Aquaspirillum
Neisseriales,Aquitalea,,,Aquitalea
Neisseriales,Chitinibacter,,,Chitinibacter
Neisseriales,Chitiniphilus,,,Chitiniphilus
Neisseriales,Chromobacterium,,,Chromobacterium
Neisseriales,Iodobacter,,,Iodobacter
Neisseriales,Deefgea,,,Deefgea
Neisseriales,Jeongeupia,,,Jeongeupia
Neisseriales,Laribacter,,,Laribacter
Neisseriales,Pseudogulbenkiania,,,Pseudogulbenkiania
Neisseriales,Vogesella,,,Vogesella
Neisseriales,Alysiella,,,Alysiella
Neisseriales,Aquella,,,Aquella
Neisseriales,Chitinolyticbacter,,,Chitinolyticbacter
Neisseriales,Conchiformibius,,,Conchiformibius
Neisseriales,Eikenella,,,Eikenella
Neisseriales,Kingella,,,Kingella
Neisseriales,Morococcus,,,Morococcus
Neisseriales,Neisseria,,,Neisseria
Neisseriales,Paralysiella,,,Paralysiella
Neisseriales,Simonsiella,,,Simonsiella
Neisseriales,Snodgrassella,,,Snodgrassella
Neisseriales,Uruburuella,,,Uruburuella
Neisseriales,Vitreoscilla,,,Vitreoscilla
Neisseriales,Wielerella,,,Wielerella
Pseudomonadota,Nitrosomonadales,,Nitrosomonadales,
Nitrosomonadales,Ferrigenium,,,Ferrigenium
Nitrosomonadales,Ferriphaselus,,,Ferriphaselus
Nitrosomonadales,Gallionella,,,Gallionella
Nitrosomonadales,Sideroxyarcus,,,Sideroxyarcus
Nitrosomonadales,Sideroxydans,,,Sideroxydans
Nitrosomonadales,Methylobacillus,,,Methylobacillus
Nitrosomonadales,Methylophilus,,,Methylophilus
Nitrosomonadales,Methyloradius,,,Methyloradius
Nitrosomonadales,Methylotenera,,,Methylotenera
Nitrosomonadales,Methylovorus,,,Methylovorus
Nitrosomonadales,Nitrosomonas,,,Nitrosomonas
Nitrosomonadales,Nitrosospira,,,Nitrosospira
Nitrosomonadales,Denitratisoma,,,Denitratisoma
Nitrosomonadales,Methyloversatilis,,,Methyloversatilis
Nitrosomonadales,Sulfuritalea,,,Sulfuritalea
Nitrosomonadales,Sulfuricella,,,Sulfuricella
Nitrosomonadales,Sulfuriferula,,,Sulfuriferula
Nitrosomonadales,Sulfurimicrobium,,,Sulfurimicrobium
Nitrosomonadales,Sulfuritortus,,,Sulfuritortus
Nitrosomonadales,Thiobacillus,,,Thiobacillus
Nitrosomonadales,Usitatibacter,,,Usitatibacter
Pseudomonadota,Rhodocyclales,,Rhodocyclales,
Rhodocyclales,Dechloromonas,,,Dechloromonas
Rhodocyclales,Ferribacterium,,,Ferribacterium
Rhodocyclales,Quatrionicoccus,,,Quatrionicoccus
Rhodocyclales,Fluviibacter,,,Fluviibacter
Rhodocyclales,Aromatoleum,,,Aromatoleum
Rhodocyclales,Azospira,,,Azospira
Rhodocyclales,Niveibacterium,,,Niveibacterium
Rhodocyclales,Oryzomicrobium,,,Oryzomicrobium
Rhodocyclales,Rugosibacter,,,Rugosibacter
Rhodocyclales,Azoarcus,,,Azoarcus
Rhodocyclales,Nitrogeniibacter,,,Nitrogeniibacter
Bacteria,,,,
,,,,
,Parazoarcus,,,Parazoarcus
Bacteria,,,,
,,,,
,Pseudazoarcus,,,Pseudazoarcus
Bacteria,,,,
,,,,
,Pseudothauera,,,Pseudothauera
Rhodocyclales,Thauera,,,Thauera
Pseudomonadota,Bradymonadales,,Bradymonadales,
Bradymonadales,Bradymonas,,,Bradymonas
Bradymonadales,Persicimonas,,,Persicimonas
Bradymonadales,Microvenator,,,Microvenator
Pseudomonadota,Dissulfurimicrobium,,Dissulfurimicrobium,
Pseudomonadota,Desulfarculales,,Desulfarculales,
Desulfarculales,Desulfarculus,,,Desulfarculus
Pseudomonadota,Desulfobacterales,,Desulfobacterales,
Desulfobacterales,Desulfatibacillum,,,Desulfatibacillum
Desulfobacterales,Desulfobacula,,,Desulfobacula
Desulfobacterales,Desulfococcus,,,Desulfococcus
Desulfobacterales,Desulfoluna,,,Desulfoluna
Desulfobacterales,Desulfonema,,,Desulfonema
Desulfobacterales,Desulforapulum,,,Desulforapulum
Desulfobacterales,Desulfosarcina,,,Desulfosarcina
Desulfobacterales,Desulfobulbus,,,Desulfobulbus
Desulfobacterales,Desulfolithobacter,,,Desulfolithobacter
Desulfobacterales,Desulfomarina,,,Desulfomarina
Desulfobacterales,Desulfurivibrio,,,Desulfurivibrio
Desulfobacterales,Desulfocapsa,,,Desulfocapsa
Desulfobacterales,Desulfosediminicola,,,Desulfosediminicola
Desulfobacterales,Desulfotalea,,,Desulfotalea
Desulfobacterales,Desulfosudis,,,Desulfosudis
Pseudomonadota,Desulfovibrionales,,Desulfovibrionales,
Desulfovibrionales,Desulfohalobium,,,Desulfohalobium
Desulfovibrionales,Desulfomicrobium,,,Desulfomicrobium
Desulfovibrionales,Desulfocurvibacter,,,Desulfocurvibacter
Desulfovibrionales,Desulfolutivibrio,,,Desulfolutivibrio
Desulfovibrionales,Desulfovibrio,,,Desulfovibrio
Desulfovibrionales,Lawsonia,,,Lawsonia
Desulfovibrionales,Maridesulfovibrio,,,Maridesulfovibrio
Desulfovibrionales,Oceanidesulfovibrio,,,Oceanidesulfovibrio
Desulfovibrionales,Oleidesulfovibrio,,,Oleidesulfovibrio
Desulfovibrionales,Pseudodesulfovibrio,,,Pseudodesulfovibrio
Desulfovibrionales,Psychrodesulfovibrio,,,Psychrodesulfovibrio
Desulfovibrionales,Salidesulfovibrio,,,Salidesulfovibrio
Desulfovibrionales,Solidesulfovibrio,,,Solidesulfovibrio
Pseudomonadota,Desulfurellales,,Desulfurellales,
Desulfurellales,Hippea,,,Hippea
Pseudomonadota,Desulfuromonadales,,Desulfuromonadales,
Desulfuromonadales,Desulfuromonas,,,Desulfuromonas
Desulfuromonadales,Pelobacter,,,Pelobacter
Desulfuromonadales,Citrifermentans,,,Citrifermentans
Desulfuromonadales,Geoalkalibacter,,,Geoalkalibacter
Desulfuromonadales,Geobacter,,,Geobacter
Desulfuromonadales,Geomonas,,,Geomonas
Desulfuromonadales,Geotalea,,,Geotalea
Desulfuromonadales,Trichlorobacter,,,Trichlorobacter
Desulfuromonadales,Syntrophotalea,,,Syntrophotalea
Pseudomonadota,Myxococcales,,Myxococcales,
Myxococcales,Anaeromyxobacter,,,Anaeromyxobacter
Myxococcales,Archangium,,,Archangium
Myxococcales,Cystobacter,,,Cystobacter
Myxococcales,Melittangium,,,Melittangium
Myxococcales,Stigmatella,,,Stigmatella
Myxococcales,Corallococcus,,,Corallococcus
Myxococcales,Myxococcus,,,Myxococcus
Myxococcales,Vulgatibacter,,,Vulgatibacter
Myxococcales,Haliangium,,,Haliangium
Myxococcales,Nannocystis,,,Nannocystis
Myxococcales,Labilithrix,,,Labilithrix
Myxococcales,Chondromyces,,,Chondromyces
Myxococcales,Polyangium,,,Polyangium
Myxococcales,Sorangium,,,Sorangium
Myxococcales,Sandaracinus,,,Sandaracinus
Pseudomonadota,Syntrophales,,Syntrophales,
Syntrophales,Desulfobacca,,,Desulfobacca
Syntrophales,Desulfomonile,,,Desulfomonile
Syntrophales,Syntrophus,,,Syntrophus
Pseudomonadota,Syntrophobacterales,,Syntrophobacterales,
Syntrophobacterales,Desulfoglaeba,,,Desulfoglaeba
Syntrophobacterales,Syntrophobacter,,,Syntrophobacter
Pseudomonadota,Campylobacterales,,Campylobacterales,
Campylobacterales,Aliarcobacter,,,Aliarcobacter
Campylobacterales,Arcobacter,,,Arcobacter
Campylobacterales,Halarcobacter,,,Halarcobacter
Campylobacterales,Malaciobacter,,,Malaciobacter
Campylobacterales,Poseidonibacter,,,Poseidonibacter
Campylobacterales,Campylobacter,,,Campylobacter
Campylobacterales,Helicobacter,,,Helicobacter
Campylobacterales,Wolinella,,,Wolinella
Campylobacterales,Hydrogenimonas,,,Hydrogenimonas
Campylobacterales,Sulfurospirillum,,,Sulfurospirillum
Campylobacterales,Nitratifractor,,,Nitratifractor
Campylobacterales,Sulfurovum,,,Sulfurovum
Campylobacterales,Sulfuricurvum,,,Sulfuricurvum
Campylobacterales,Sulfurimonas,,,Sulfurimonas
Pseudomonadota,Nautiliales,,Nautiliales,
Nautiliales,Caminibacter,,,Caminibacter
Nautiliales,Nautilia,,,Nautilia
Nautiliales,Nitratiruptor,,,Nitratiruptor
Nautiliales,Nitrosophilus,,,Nitrosophilus
Pseudomonadota,Acidiferrobacterales,,Acidiferrobacterales,
Acidiferrobacterales,Acidiferrobacter,,,Acidiferrobacter
Acidiferrobacterales,Sulfuricaulis,,,Sulfuricaulis
Acidiferrobacterales,Sulfurifustis,,,Sulfurifustis
Pseudomonadota,Aeromonadales,,Aeromonadales,
Aeromonadales,Aeromonas,,,Aeromonas
Aeromonadales,Dongshaea,,,Dongshaea
Aeromonadales,Oceanimonas,,,Oceanimonas
Aeromonadales,Oceanisphaera,,,Oceanisphaera
Aeromonadales,Tolumonas,,,Tolumonas
Aeromonadales,Zobellella,,,Zobellella
Aeromonadales,Succinivibrio,,,Succinivibrio
Pseudomonadota,Alteromonadales,,Alteromonadales,
Alteromonadales,Agarivorans,,,Agarivorans
Alteromonadales,Alkalimarinus,,,Alkalimarinus
Alteromonadales,Alteromonas,,,Alteromonas
Alteromonadales,Salinimonas,,,Salinimonas
Alteromonadales,Catenovulum,,,Catenovulum
Alteromonadales,Glaciecola,,,Glaciecola
Alteromonadales,Hydrocarboniclastica,,,Hydrocarboniclastica
Alteromonadales,Lacimicrobium,,,Lacimicrobium
Alteromonadales,Paraglaciecola,,,Paraglaciecola
Alteromonadales,Paraneptunicella,,,Paraneptunicella
Alteromonadales,Saccharobesus,,,Saccharobesus
Alteromonadales,Saliniradius,,,Saliniradius
Alteromonadales,Cognaticolwellia,,,Cognaticolwellia
Alteromonadales,Colwellia,,,Colwellia
Alteromonadales,Litorilituus,,,Litorilituus
Alteromonadales,Thalassotalea,,,Thalassotalea
Alteromonadales,Ferrimonas,,,Ferrimonas
Alteromonadales,Idiomarina,,,Idiomarina
Alteromonadales,Moritella,,,Moritella
Alteromonadales,Flocculibacter,,,Flocculibacter
Alteromonadales,Pseudoalteromonas,,,Pseudoalteromonas
Alteromonadales,Psychrosphaera,,,Psychrosphaera
Alteromonadales,Psychromonas,,,Psychromonas
Alteromonadales,Parashewanella,,,Parashewanella
Alteromonadales,Shewanella,,,Shewanella
Pseudomonadota,Cardiobacteriales,,Cardiobacteriales,
Cardiobacteriales,Cardiobacterium,,,Cardiobacterium
Cardiobacteriales,Dichelobacter,,,Dichelobacter
Cardiobacteriales,Suttonella,,,Suttonella
Cardiobacteriales,Ignatzschineria,,,Ignatzschineria
Pseudomonadota,Cellvibrionales,,Cellvibrionales,
Cellvibrionales,Agarilytica,,,Agarilytica
Cellvibrionales,Cellvibrio,,,Cellvibrio
Cellvibrionales,Gilvimarinus,,,Gilvimarinus
Cellvibrionales,Marinagarivorans,,,Marinagarivorans
Cellvibrionales,Marinimicrobium,,,Marinimicrobium
Cellvibrionales,Saccharophagus,,,Saccharophagus
Cellvibrionales,Simiduia,,,Simiduia
Cellvibrionales,Teredinibacter,,,Teredinibacter
Cellvibrionales,Aequoribacter,,,Aequoribacter
Cellvibrionales,Halioglobus,,,Halioglobus
Cellvibrionales,Kineobactrum,,,Kineobactrum
Cellvibrionales,Microbulbifer,,,Microbulbifer
Cellvibrionales,Oceanicoccus,,,Oceanicoccus
Cellvibrionales,Spongiibacter,,,Spongiibacter
Cellvibrionales,Zhongshania,,,Zhongshania
Pseudomonadota,Chromatiales,,Chromatiales,
Chromatiales,Thiohalobacter,,,Thiohalobacter
Chromatiales,Granulosicoccus,,,Granulosicoccus
Chromatiales,Sulfuriflexus,,,Sulfuriflexus
Chromatiales,Halothiobacillus,,,Halothiobacillus
Chromatiales,Acidihalobacter,,,Acidihalobacter
Chromatiales,Alkalilimnicola,,,Alkalilimnicola
Chromatiales,Aquisalimonas,,,Aquisalimonas
Chromatiales,Ectothiorhodospira,,,Ectothiorhodospira
Chromatiales,Halorhodospira,,,Halorhodospira
Chromatiales,Spiribacter,,,Spiribacter
Chromatiales,Thioalkalivibrio,,,Thioalkalivibrio
Chromatiales,Allochromatium,,,Allochromatium
Chromatiales,Caldichromatium,,,Caldichromatium
Chromatiales,Marichromatium,,,Marichromatium
Chromatiales,Nitrosococcus,,,Nitrosococcus
Chromatiales,Rheinheimera,,,Rheinheimera
Chromatiales,Thermochromatium,,,Thermochromatium
Chromatiales,Thiocapsa,,,Thiocapsa
Chromatiales,Thiocystis,,,Thiocystis
Chromatiales,Thioflavicoccus,,,Thioflavicoccus
Chromatiales,Guyparkeria,,,Guyparkeria
Chromatiales,Sulfurivermis,,,Sulfurivermis
Chromatiales,Wenzhouxiangella,,,Wenzhouxiangella
Chromatiales,Woeseia,,,Woeseia
Pseudomonadota,Enterobacterales,,Enterobacterales,
Enterobacterales,Sodalis,,,Sodalis
Enterobacterales,Jinshanibacter,,,Jinshanibacter
Enterobacterales,Leminorella,,,Leminorella
Enterobacterales,Limnobaculum,,,Limnobaculum
Enterobacterales,Pragia,,,Pragia
Enterobacterales,Atlantibacter,,,Atlantibacter
Enterobacterales,Buttiauxella,,,Buttiauxella
Enterobacterales,Plesiomonas,,,Plesiomonas
Enterobacterales,Cedecea,,,Cedecea
Enterobacterales,Citrobacter,,,Citrobacter
Enterobacterales,Cronobacter,,,Cronobacter
Enterobacterales,Enterobacter,,,Enterobacter
Enterobacterales,Symbiopectobacterium,,,Symbiopectobacterium
Enterobacterales,Escherichia,,,Escherichia
Enterobacterales,Jejubacter,,,Jejubacter
Enterobacterales,Klebsiella,,,Klebsiella
Enterobacterales,Raoultella,,,Raoultella
Enterobacterales,Kluyvera,,,Kluyvera
Enterobacterales,Kosakonia,,,Kosakonia
Enterobacterales,Leclercia,,,Leclercia
Enterobacterales,Lelliottia,,,Lelliottia
Enterobacterales,Metakosakonia,,,Metakosakonia
Enterobacterales,Phytobacter,,,Phytobacter
Enterobacterales,Pluralibacter,,,Pluralibacter
Enterobacterales,Pseudocitrobacter,,,Pseudocitrobacter
Enterobacterales,Salmonella,,,Salmonella
Enterobacterales,Scandinavium,,,Scandinavium
Enterobacterales,Shigella,,,Shigella
Enterobacterales,Shimwellia,,,Shimwellia
Enterobacterales,Siccibacter,,,Siccibacter
Enterobacterales,Yokenella,,,Yokenella
Enterobacterales,Buchnera,,,Buchnera
Enterobacterales,Erwinia,,,Erwinia
Enterobacterales,Kalamiella,,,Kalamiella
Enterobacterales,Mixta,,,Mixta
Enterobacterales,Pantoea,,,Pantoea
Enterobacterales,Tatumella,,,Tatumella
Enterobacterales,Wigglesworthia,,,Wigglesworthia
Enterobacterales,Edwardsiella,,,Edwardsiella
Enterobacterales,Hafnia,,,Hafnia
Enterobacterales,Obesumbacterium,,,Obesumbacterium
Enterobacterales,Arsenophonus,,,Arsenophonus
Enterobacterales,Moellerella,,,Moellerella
Enterobacterales,Morganella,,,Morganella
Enterobacterales,Photorhabdus,,,Photorhabdus
Enterobacterales,Proteus,,,Proteus
Enterobacterales,Providencia,,,Providencia
Enterobacterales,Xenorhabdus,,,Xenorhabdus
Enterobacterales,Brenneria,,,Brenneria
Enterobacterales,Dickeya,,,Dickeya
Enterobacterales,Lonsdalea,,,Lonsdalea
Enterobacterales,Musicola,,,Musicola
Enterobacterales,Pectobacterium,,,Pectobacterium
Enterobacterales,Chania,,,Chania
Enterobacterales,Ewingella,,,Ewingella
Enterobacterales,Gibbsiella,,,Gibbsiella
Enterobacterales,Rahnella,,,Rahnella
Enterobacterales,Rouxiella,,,Rouxiella
Enterobacterales,Serratia,,,Serratia
Enterobacterales,Yersinia,,,Yersinia
Pseudomonadota,Celerinatantimonas,,Celerinatantimonas,
Pseudomonadota,Gallaecimonas,,Gallaecimonas,
Pseudomonadota,Pseudohongiella,,Pseudohongiella,
Pseudomonadota,Sedimenticola,,Sedimenticola,
Pseudomonadota,Thiolapillus,,Thiolapillus,
Pseudomonadota,Immundisolibacterales,,Immundisolibacterales,
Immundisolibacterales,Immundisolibacter,,,Immundisolibacter
Pseudomonadota,Kangiellales,,Kangiellales,
Kangiellales,Kangiella,,,Kangiella
Pseudomonadota,Legionellales,,Legionellales,
Legionellales,Aquicella,,,Aquicella
Legionellales,Coxiella,,,Coxiella
Legionellales,Rickettsiella,,,Rickettsiella
Legionellales,Legionella,,,Legionella
Legionellales,Tatlockia,,,Tatlockia
Pseudomonadota,Methylococcales,,Methylococcales,
Methylococcales,Methylobacter,,,Methylobacter
Methylococcales,Methylocaldum,,,Methylocaldum
Methylococcales,Methylococcus,,,Methylococcus
Methylococcales,Methylogaea,,,Methylogaea
Methylococcales,Methylomagnum,,,Methylomagnum
Methylococcales,Methylomicrobium,,,Methylomicrobium
Methylococcales,Methylomonas,,,Methylomonas
Methylococcales,Methylotuvimicrobium,,,Methylotuvimicrobium
Methylococcales,Methylovulum,,,Methylovulum
Pseudomonadota,Moraxellales,,Moraxellales,
Moraxellales,Acinetobacter,,,Acinetobacter
Moraxellales,Aquirhabdus,,,Aquirhabdus
Moraxellales,Moraxella,,,Moraxella
Moraxellales,Psychrobacter,,,Psychrobacter
Pseudomonadota,Nevskiales,,Nevskiales,
Nevskiales,Flagellatimonas,,,Flagellatimonas
Nevskiales,Sinimarinibacterium,,,Sinimarinibacterium
Nevskiales,Solimonas,,,Solimonas
Nevskiales,Steroidobacter,,,Steroidobacter
Pseudomonadota,Oceanospirillales,,Oceanospirillales,
Oceanospirillales,Alcanivorax,,,Alcanivorax
Bacteria,,,,
,,,,
,Alloalcanivorax,,,Alloalcanivorax
Bacteria,,,,
,,,,
,Isoalcanivorax,,,Isoalcanivorax
Oceanospirillales,Ketobacter,,,Ketobacter
Oceanospirillales,Endozoicomonas,,,Endozoicomonas
Oceanospirillales,Hahella,,,Hahella
Oceanospirillales,Chromohalobacter,,,Chromohalobacter
Oceanospirillales,Cobetia,,,Cobetia
Oceanospirillales,Halomonas,,,Halomonas
Oceanospirillales,Halotalea,,,Halotalea
Oceanospirillales,Kushneria,,,Kushneria
Oceanospirillales,Pistricoccus,,,Pistricoccus
Oceanospirillales,Salinicola,,,Salinicola
Oceanospirillales,Zymobacter,,,Zymobacter
Bacteria,,,,
,,,,
,Litorivicinus,,,Litorivicinus
Bacteria,,,,
,,,,
,Aliamphritea,,,Aliamphritea
Oceanospirillales,Amphritea,,,Amphritea
Oceanospirillales,Bacterioplanes,,,Bacterioplanes
Oceanospirillales,Bacterioplanoides,,,Bacterioplanoides
Oceanospirillales,Bermanella,,,Bermanella
Oceanospirillales,Marinobacterium,,,Marinobacterium
Oceanospirillales,Marinomonas,,,Marinomonas
Oceanospirillales,Neptunomonas,,,Neptunomonas
Oceanospirillales,Nitrincola,,,Nitrincola
Oceanospirillales,Thalassolituus,,,Thalassolituus
Oceanospirillales,Venatorbacter,,,Venatorbacter
Oceanospirillales,Oleiphilus,,,Oleiphilus
Oceanospirillales,Gynuella,,,Gynuella
Oceanospirillales,Reinekea,,,Reinekea
Oceanospirillales,Saccharospirillum,,,Saccharospirillum
Oceanospirillales,Spartinivicinus,,,Spartinivicinus
Pseudomonadota,Orbales,,Orbales,
Orbales,Frischella,,,Frischella
Orbales,Gilliamella,,,Gilliamella
Orbales,Zophobihabitans,,,Zophobihabitans
Pseudomonadota,Pasteurellales,,Pasteurellales,
Pasteurellales,Actinobacillus,,,Actinobacillus
Pasteurellales,Aggregatibacter,,,Aggregatibacter
Pasteurellales,Avibacterium,,,Avibacterium
Pasteurellales,Basfia,,,Basfia
Pasteurellales,Bibersteinia,,,Bibersteinia
Pasteurellales,Bisgaardia,,,Bisgaardia
Pasteurellales,Frederiksenia,,,Frederiksenia
Pasteurellales,Gallibacterium,,,Gallibacterium
Pasteurellales,Glaesserella,,,Glaesserella
Pasteurellales,Haemophilus,,,Haemophilus
Pasteurellales,Histophilus,,,Histophilus
Pasteurellales,Mannheimia,,,Mannheimia
Pasteurellales,Mergibacter,,,Mergibacter
Pasteurellales,Otariodibacter,,,Otariodibacter
Pasteurellales,Pasteurella,,,Pasteurella
Pasteurellales,Rodentibacter,,,Rodentibacter
Pseudomonadota,Pseudomonadales,,Pseudomonadales,
Pseudomonadales,Marinobacter,,,Marinobacter
Pseudomonadales,Azotobacter,,,Azotobacter
Pseudomonadales,Denitrificimonas,,,Denitrificimonas
Pseudomonadales,Entomomonas,,,Entomomonas
Pseudomonadales,Halopseudomonas,,,Halopseudomonas
Pseudomonadales,Permianibacter,,,Permianibacter
Pseudomonadales,Pseudomonas,,,Pseudomonas
Pseudomonadales,Stutzerimonas,,,Stutzerimonas
Pseudomonadales,Thiopseudomonas,,,Thiopseudomonas
Pseudomonadota,Salinisphaerales,,Salinisphaerales,
Salinisphaerales,Salinisphaera,,,Salinisphaera
Pseudomonadota,Thiotrichales,,Thiotrichales,
Thiotrichales,Allofrancisella,,,Allofrancisella
Thiotrichales,Francisella,,,Francisella
Thiotrichales,Cycloclasticus,,,Cycloclasticus
Thiotrichales,Hydrogenovibrio,,,Hydrogenovibrio
Thiotrichales,Methylophaga,,,Methylophaga
Thiotrichales,Piscirickettsia,,,Piscirickettsia
Thiotrichales,Thiomicrorhabdus,,,Thiomicrorhabdus
Thiotrichales,Thiomicrospira,,,Thiomicrospira
Thiotrichales,Thiosulfatimonas,,,Thiosulfatimonas
Thiotrichales,Thiosulfativibrio,,,Thiosulfativibrio
Thiotrichales,Beggiatoa,,,Beggiatoa
Thiotrichales,Thiothrix,,,Thiothrix
Pseudomonadota,Vibrionales,,Vibrionales,
Vibrionales,Aliivibrio,,,Aliivibrio
Vibrionales,Grimontia,,,Grimontia
Vibrionales,Paraphotobacterium,,,Paraphotobacterium
Vibrionales,Photobacterium,,,Photobacterium
Vibrionales,Salinivibrio,,,Salinivibrio
Vibrionales,Thaumasiovibrio,,,Thaumasiovibrio
Vibrionales,Vibrio,,,Vibrio
Pseudomonadota,Xanthomonadales,,Xanthomonadales,
Xanthomonadales,Aerosticca,,,Aerosticca
Xanthomonadales,Ahniella,,,Ahniella
Xanthomonadales,Dokdonella,,,Dokdonella
Xanthomonadales,Dyella,,,Dyella
Xanthomonadales,Frateuria,,,Frateuria
Xanthomonadales,Luteibacter,,,Luteibacter
Xanthomonadales,Rhodanobacter,,,Rhodanobacter
Xanthomonadales,Luteimonas,,,Luteimonas
Xanthomonadales,Lysobacter,,,Lysobacter
Xanthomonadales,Pseudolysobacter,,,Pseudolysobacter
Xanthomonadales,Pseudoxanthomonas,,,Pseudoxanthomonas
Xanthomonadales,Stenotrophomonas,,,Stenotrophomonas
Xanthomonadales,Thermomonas,,,Thermomonas
Xanthomonadales,Xanthomonas,,,Xanthomonas
Xanthomonadales,Xylella,,,Xylella
Pseudomonadota,Hydrogenophilales,,Hydrogenophilales,
Hydrogenophilales,Hydrogenophilus,,,Hydrogenophilus
Pseudomonadota,Bacteriovoracales,,Bacteriovoracales,
Bacteriovoracales,Bacteriovorax,,,Bacteriovorax
Bacteriovoracales,Halobacteriovorax,,,Halobacteriovorax
Pseudomonadota,Bdellovibrionales,,Bdellovibrionales,
Bdellovibrionales,Bdellovibrio,,,Bdellovibrio
Bdellovibrionales,Micavibrio,,,Micavibrio
Bdellovibrionales,Pseudobdellovibrio,,,Pseudobdellovibrio
Pseudomonadota,Mariprofundales,,Mariprofundales,
Mariprofundales,Mariprofundus,,,Mariprofundus
Bacteria,Chlamydiae,Chlamydiae,,
Chlamydiae,Chlamydiales,,Chlamydiales,
Chlamydiales,Chlamydia,,,Chlamydia
Chlamydiales,Chlamydiifrater,,,Chlamydiifrater
Chlamydiae,Parachlamydiales,,Parachlamydiales,
Parachlamydiales,Neochlamydia,,,Neochlamydia
Parachlamydiales,Parachlamydia,,,Parachlamydia
Parachlamydiales,Simkania,,,Simkania
Parachlamydiales,Waddlia,,,Waddlia
Bacteria,Planctomycetota,Planctomycetota,,
Planctomycetota,Phycisphaerales,,Phycisphaerales,
Phycisphaerales,Mucisphaera,,,Mucisphaera
Phycisphaerales,Phycisphaera,,,Phycisphaera
Phycisphaerales,Poriferisphaera,,,Poriferisphaera
Planctomycetota,Sedimentisphaerales,,Sedimentisphaerales,
Sedimentisphaerales,Anaerohalosphaera,,,Anaerohalosphaera
Sedimentisphaerales,Limihaloglobus,,,Limihaloglobus
Sedimentisphaerales,Sedimentisphaera,,,Sedimentisphaera
Planctomycetota,Tepidisphaerales,,Tepidisphaerales,
Tepidisphaerales,Humisphaera,,,Humisphaera
Planctomycetota,Gemmatales,,Gemmatales,
Gemmatales,Frigoriglobus,,,Frigoriglobus
Gemmatales,Gemmata,,,Gemmata
Gemmatales,Limnoglobus,,,Limnoglobus
Gemmatales,Telmatocola,,,Telmatocola
Gemmatales,Tuwongella,,,Tuwongella
Gemmatales,Urbifossiella,,,Urbifossiella
Planctomycetota,Isosphaerales,,Isosphaerales,
Isosphaerales,Aquisphaera,,,Aquisphaera
Isosphaerales,Isosphaera,,,Isosphaera
Isosphaerales,Paludisphaera,,,Paludisphaera
Isosphaerales,Singulisphaera,,,Singulisphaera
Planctomycetota,Pirellulales,,Pirellulales,
Pirellulales,Adhaeretor,,,Adhaeretor
Pirellulales,Aeoliella,,,Aeoliella
Pirellulales,Lacipirellula,,,Lacipirellula
Pirellulales,Pirellulimonas,,,Pirellulimonas
Pirellulales,Anatilimnocola,,,Anatilimnocola
Pirellulales,Aureliella,,,Aureliella
Pirellulales,Bremerella,,,Bremerella
Pirellulales,Lignipirellula,,,Lignipirellula
Pirellulales,Mariniblastus,,,Mariniblastus
Pirellulales,Pirellula,,,Pirellula
Pirellulales,Rhodopirellula,,,Rhodopirellula
Pirellulales,Roseimaritima,,,Roseimaritima
Pirellulales,Rosistilla,,,Rosistilla
Pirellulales,Rubripirellula,,,Rubripirellula
Pirellulales,Thermogutta,,,Thermogutta
Planctomycetota,Planctomycetales,,Planctomycetales,
Planctomycetales,Fuerstiella,,,Fuerstiella
Planctomycetales,Gimesia,,,Gimesia
Planctomycetales,Maioricimonas,,,Maioricimonas
Planctomycetales,Planctomyces,,,Planctomyces
Planctomycetales,Planctopirus,,,Planctopirus
Planctomycetales,Polystyrenella,,,Polystyrenella
Planctomycetales,Rubinisphaera,,,Rubinisphaera
Planctomycetales,Symmachiella,,,Symmachiella
Bacteria,Verrucomicrobia,Verrucomicrobia,,
Verrucomicrobia,Methylacidiphilales,,Methylacidiphilales,
Methylacidiphilales,Methylacidiphilum,,,Methylacidiphilum
Verrucomicrobia,Opitutales,,Opitutales,
Opitutales,Horticoccus,,,Horticoccus
Opitutales,Lacunisphaera,,,Lacunisphaera
Opitutales,Nibricoccus,,,Nibricoccus
Opitutales,Opitutus,,,Opitutus
Verrucomicrobia,Puniceicoccales,,Puniceicoccales,
Puniceicoccales,Coraliomargarita,,,Coraliomargarita
Puniceicoccales,Ruficoccus,,,Ruficoccus
Verrucomicrobia,Methylacidimicrobium,,Methylacidimicrobium,
Verrucomicrobia,Verrucomicrobiales,,Verrucomicrobiales,
Verrucomicrobiales,Akkermansia,,,Akkermansia
Verrucomicrobiales,Luteolibacter,,,Luteolibacter
Verrucomicrobiales,Roseimicrobium,,,Roseimicrobium
Verrucomicrobiales,Sulfuriroseicoccus,,,Sulfuriroseicoccus
Bacteria,Kiritimatiellaeota,Kiritimatiellaeota,,
Kiritimatiellaeota,Kiritimatiellales,,Kiritimatiellales,
Kiritimatiellales,Kiritimatiella,,,Kiritimatiella
Kiritimatiellaeota,Tichowtungiales,,Tichowtungiales,
Tichowtungiales,Tichowtungia,,,Tichowtungia
Bacteria,Spirochaetes,Spirochaetes,,
Spirochaetes,Brachyspirales,,Brachyspirales,
Brachyspirales,Brachyspira,,,Brachyspira
Bacteria,,,,
,,,,
,Thermospira,,,Thermospira
Spirochaetes,Leptospirales,,Leptospirales,
Leptospirales,Leptospira,,,Leptospira
Leptospirales,Turneriella,,,Turneriella
Spirochaetes,Spirochaetales,,Spirochaetales,
Spirochaetales,Borrelia,,,Borrelia
Spirochaetales,Borreliella,,,Borreliella
Spirochaetales,Breznakiella,,,Breznakiella
Spirochaetales,Gracilinema,,,Gracilinema
Spirochaetales,Leadbettera,,,Leadbettera
Spirochaetales,Sphaerochaeta,,,Sphaerochaeta
Spirochaetales,Oceanispirochaeta,,,Oceanispirochaeta
Spirochaetales,Salinispira,,,Salinispira
Spirochaetales,Sediminispirochaeta,,,Sediminispirochaeta
Spirochaetales,Spirochaeta,,,Spirochaeta
Spirochaetales,Thiospirochaeta,,,Thiospirochaeta
Spirochaetales,Brucepastera,,,Brucepastera
Spirochaetales,Treponema,,,Treponema
Bacteria,Synergistetes,Synergistetes,,
Synergistetes,Synergistales,,Synergistales,
Synergistales,Acetomicrobium,,,Acetomicrobium
Synergistales,Cloacibacillus,,,Cloacibacillus
Synergistales,Pyramidobacter,,,Pyramidobacter
Synergistales,Thermanaerovibrio,,,Thermanaerovibrio
Synergistales,Thermovirga,,,Thermovirga
Bacteria,Actinomycetota,Actinomycetota,,
Actinomycetota,Acidimicrobiales,,Acidimicrobiales,
Acidimicrobiales,Acidimicrobium,,,Acidimicrobium
Acidimicrobiales,Actinomarinicola,,,Actinomarinicola
Acidimicrobiales,Aquihabitans,,,Aquihabitans
Acidimicrobiales,Iamia,,,Iamia
Acidimicrobiales,Ilumatobacter,,,Ilumatobacter
Actinomycetota,Coriobacteriales,,Coriobacteriales,
Coriobacteriales,Atopobium,,,Atopobium
Coriobacteriales,Lancefieldella,,,Lancefieldella
Coriobacteriales,Leptogranulimonas,,,Leptogranulimonas
Coriobacteriales,Olsenella,,,Olsenella
Coriobacteriales,Parolsenella,,,Parolsenella
Coriobacteriales,Thermophilibacter,,,Thermophilibacter
Coriobacteriales,Collinsella,,,Collinsella
Coriobacteriales,Coriobacterium,,,Coriobacterium
Actinomycetota,Eggerthellales,,Eggerthellales,
Eggerthellales,Adlercreutzia,,,Adlercreutzia
Eggerthellales,Berryella,,,Berryella
Eggerthellales,Cryptobacterium,,,Cryptobacterium
Eggerthellales,Eggerthella,,,Eggerthella
Eggerthellales,Gordonibacter,,,Gordonibacter
Eggerthellales,Phoenicibacter,,,Phoenicibacter
Eggerthellales,Raoultibacter,,,Raoultibacter
Eggerthellales,Slackia,,,Slackia
Eggerthellales,Xiamenia,,,Xiamenia
Actinomycetota,Actinomycetales,,Actinomycetales,
Actinomycetales,Actinobaculum,,,Actinobaculum
Actinomycetales,Actinomyces,,,Actinomyces
Actinomycetales,Actinotignum,,,Actinotignum
Actinomycetales,Arcanobacterium,,,Arcanobacterium
Actinomycetales,Boudabousia,,,Boudabousia
Actinomycetales,Changpingibacter,,,Changpingibacter
Actinomycetales,Fannyhessea,,,Fannyhessea
Actinomycetales,Flaviflexus,,,Flaviflexus
Actinomycetales,Mobiluncus,,,Mobiluncus
Actinomycetales,Nanchangia,,,Nanchangia
Actinomycetales,Schaalia,,,Schaalia
Actinomycetales,Trueperella,,,Trueperella
Actinomycetota,Actinopolysporales,,Actinopolysporales,
Actinopolysporales,Actinopolyspora,,,Actinopolyspora
Actinomycetota,Bifidobacteriales,,Bifidobacteriales,
Bifidobacteriales,Bifidobacterium,,,Bifidobacterium
Bifidobacteriales,Gardnerella,,,Gardnerella
Bifidobacteriales,Parascardovia,,,Parascardovia
Bifidobacteriales,Scardovia,,,Scardovia
Actinomycetota,Catenulisporales,,Catenulisporales,
Catenulisporales,Catenulispora,,,Catenulispora
Actinomycetota,Corynebacteriales,,Corynebacteriales,
Corynebacteriales,Tomitella,,,Tomitella
Corynebacteriales,Corynebacterium,,,Corynebacterium
Corynebacteriales,Dietzia,,,Dietzia
Corynebacteriales,Gordonia,,,Gordonia
Corynebacteriales,Skermania,,,Skermania
Corynebacteriales,Lawsonella,,,Lawsonella
Corynebacteriales,Hoyosella,,,Hoyosella
Corynebacteriales,Mycobacterium,,,Mycobacterium
Corynebacteriales,Mycobacteroides,,,Mycobacteroides
Corynebacteriales,Mycolicibacillus,,,Mycolicibacillus
Corynebacteriales,Mycolicibacter,,,Mycolicibacter
Corynebacteriales,Nocardia,,,Nocardia
Corynebacteriales,Prescottella,,,Prescottella
Corynebacteriales,Rhodococcus,,,Rhodococcus
Corynebacteriales,Segniliparus,,,Segniliparus
Corynebacteriales,Tsukamurella,,,Tsukamurella
Actinomycetota,Frankiales,,Frankiales,
Frankiales,Frankia,,,Frankia
Actinomycetota,Geodermatophilales,,Geodermatophilales,
Geodermatophilales,Blastococcus,,,Blastococcus
Geodermatophilales,Geodermatophilus,,,Geodermatophilus
Geodermatophilales,Modestobacter,,,Modestobacter
Actinomycetota,Glycomycetales,,Glycomycetales,
Glycomycetales,Natronoglycomyces,,,Natronoglycomyces
Glycomycetales,Stackebrandtia,,,Stackebrandtia
Actinomycetota,Jatrophihabitantales,,Jatrophihabitantales,
Jatrophihabitantales,Jatrophihabitans,,,Jatrophihabitans
Actinomycetota,Kineosporiales,,Kineosporiales,
Kineosporiales,Kineococcus,,,Kineococcus
Actinomycetota,Micrococcales,,Micrococcales,
Micrococcales,Beutenbergia,,,Beutenbergia
Micrococcales,Miniimonas,,,Miniimonas
Micrococcales,Georgenia,,,Georgenia
Micrococcales,Brevibacterium,,,Brevibacterium
Micrococcales,Actinotalea,,,Actinotalea
Micrococcales,Cellulomonas,,,Cellulomonas
Micrococcales,Oerskovia,,,Oerskovia
Micrococcales,Pseudactinotalea,,,Pseudactinotalea
Micrococcales,Demequina,,,Demequina
Micrococcales,Brachybacterium,,,Brachybacterium
Micrococcales,Dermabacter,,,Dermabacter
Micrococcales,Devriesea,,,Devriesea
Micrococcales,Allobranchiibius,,,Allobranchiibius
Micrococcales,Dermacoccus,,,Dermacoccus
Micrococcales,Luteipulveratus,,,Luteipulveratus
Micrococcales,Yimella,,,Yimella
Micrococcales,Austwickia,,,Austwickia
Micrococcales,Dermatophilus,,,Dermatophilus
Micrococcales,Gephyromycinifex,,,Gephyromycinifex
Micrococcales,Arsenicicoccus,,,Arsenicicoccus
Micrococcales,Intrasporangium,,,Intrasporangium
Micrococcales,Janibacter,,,Janibacter
Micrococcales,Phycicoccus,,,Phycicoccus
Micrococcales,Tetrasphaera,,,Tetrasphaera
Micrococcales,Jonesia,,,Jonesia
Micrococcales,Kytococcus,,,Kytococcus
Micrococcales,Agreia,,,Agreia
Micrococcales,Agrococcus,,,Agrococcus
Micrococcales,Agromyces,,,Agromyces
Micrococcales,Aurantimicrobium,,,Aurantimicrobium
Micrococcales,Chryseoglobus,,,Chryseoglobus
Micrococcales,Clavibacter,,,Clavibacter
Micrococcales,Cnuibacter,,,Cnuibacter
Micrococcales,Cryobacterium,,,Cryobacterium
Micrococcales,Curtobacterium,,,Curtobacterium
Micrococcales,Diaminobutyricimonas,,,Diaminobutyricimonas
Micrococcales,Frigoribacterium,,,Frigoribacterium
Micrococcales,Frondihabitans,,,Frondihabitans
Micrococcales,Glaciihabitans,,,Glaciihabitans
Micrococcales,Gryllotalpicola,,,Gryllotalpicola
Micrococcales,Gulosibacter,,,Gulosibacter
Micrococcales,Herbiconiux,,,Herbiconiux
Micrococcales,Homoserinibacter,,,Homoserinibacter
Micrococcales,Humibacter,,,Humibacter
Micrococcales,Leifsonia,,,Leifsonia
Micrococcales,Leucobacter,,,Leucobacter
Micrococcales,Aquiluna,,,Aquiluna
Micrococcales,Rhodoluna,,,Rhodoluna
Micrococcales,Marisediminicola,,,Marisediminicola
Micrococcales,Microcella,,,Microcella
Micrococcales,Microterricola,,,Microterricola
Micrococcales,Mycetocola,,,Mycetocola
Micrococcales,Plantibacter,,,Plantibacter
Micrococcales,Pontimonas,,,Pontimonas
Micrococcales,Protaetiibacter,,,Protaetiibacter
Micrococcales,Pseudoclavibacter,,,Pseudoclavibacter
Micrococcales,Rathayibacter,,,Rathayibacter
Micrococcales,Subtercola,,,Subtercola
Micrococcales,Arthrobacter,,,Arthrobacter
Micrococcales,Auritidibacter,,,Auritidibacter
Micrococcales,Citricoccus,,,Citricoccus
Micrococcales,Glutamicibacter,,,Glutamicibacter
Micrococcales,Kocuria,,,Kocuria
Micrococcales,Micrococcus,,,Micrococcus
Micrococcales,Neomicrococcus,,,Neomicrococcus
Micrococcales,Nesterenkonia,,,Nesterenkonia
Micrococcales,Paenarthrobacter,,,Paenarthrobacter
Micrococcales,Paeniglutamicibacter,,,Paeniglutamicibacter
Micrococcales,Pseudarthrobacter,,,Pseudarthrobacter
Micrococcales,Psychromicrobium,,,Psychromicrobium
Micrococcales,Renibacterium,,,Renibacterium
Micrococcales,Rothia,,,Rothia
Micrococcales,Sinomonas,,,Sinomonas
Micrococcales,Luteimicrobium,,,Luteimicrobium
Micrococcales,Pengzhenrongella,,,Pengzhenrongella
Micrococcales,Ornithinimicrobium,,,Ornithinimicrobium
Micrococcales,Serinicoccus,,,Serinicoccus
Micrococcales,Cellulosimicrobium,,,Cellulosimicrobium
Micrococcales,Isoptericola,,,Isoptericola
Micrococcales,Xylanimonas,,,Xylanimonas
Micrococcales,Occultella,,,Occultella
Micrococcales,Ruania,,,Ruania
Micrococcales,Sanguibacter,,,Sanguibacter
Micrococcales,Tropheryma,,,Tropheryma
Actinomycetota,Micromonosporales,,Micromonosporales,
Micromonosporales,Actinocatenispora,,,Actinocatenispora
Micromonosporales,Actinoplanes,,,Actinoplanes
Micromonosporales,Catellatospora,,,Catellatospora
Micromonosporales,Couchioplanes,,,Couchioplanes
Micromonosporales,Dactylosporangium,,,Dactylosporangium
Micromonosporales,Micromonospora,,,Micromonospora
Micromonosporales,Natronosporangium,,,Natronosporangium
Micromonosporales,Phytohabitans,,,Phytohabitans
Micromonosporales,Plantactinospora,,,Plantactinospora
Micromonosporales,Polymorphospora,,,Polymorphospora
Micromonosporales,Salinispora,,,Salinispora
Actinomycetota,Nakamurellales,,Nakamurellales,
Nakamurellales,Nakamurella,,,Nakamurella
Actinomycetota,Propionibacteriales,,Propionibacteriales,
Propionibacteriales,Kribbella,,,Kribbella
Propionibacteriales,Aeromicrobium,,,Aeromicrobium
Propionibacteriales,Micropruina,,,Micropruina
Propionibacteriales,Mumia,,,Mumia
Propionibacteriales,Nocardioides,,,Nocardioides
Propionibacteriales,Pimelobacter,,,Pimelobacter
Propionibacteriales,Acidipropionibacterium,,,Acidipropionibacterium
Propionibacteriales,Arachnia,,,Arachnia
Propionibacteriales,Cutibacterium,,,Cutibacterium
Propionibacteriales,Microlunatus,,,Microlunatus
Propionibacteriales,Propionibacterium,,,Propionibacterium
Propionibacteriales,Propioniciclava,,,Propioniciclava
Propionibacteriales,Raineyella,,,Raineyella
Propionibacteriales,Tessaracoccus,,,Tessaracoccus
Propionibacteriales,Vaginimicrobium,,,Vaginimicrobium
Actinomycetota,Pseudonocardiales,,Pseudonocardiales,
Pseudonocardiales,Actinoalloteichus,,,Actinoalloteichus
Pseudonocardiales,Actinokineospora,,,Actinokineospora
Pseudonocardiales,Actinosynnema,,,Actinosynnema
Pseudonocardiales,Alloactinosynnema,,,Alloactinosynnema
Pseudonocardiales,Allosaccharopolyspora,,,Allosaccharopolyspora
Pseudonocardiales,Amycolatopsis,,,Amycolatopsis
Pseudonocardiales,Kibdelosporangium,,,Kibdelosporangium
Pseudonocardiales,Kutzneria,,,Kutzneria
Pseudonocardiales,Lentzea,,,Lentzea
Pseudonocardiales,Prauserella,,,Prauserella
Pseudonocardiales,Pseudonocardia,,,Pseudonocardia
Pseudonocardiales,Saccharomonospora,,,Saccharomonospora
Pseudonocardiales,Saccharopolyspora,,,Saccharopolyspora
Pseudonocardiales,Saccharothrix,,,Saccharothrix
Actinomycetota,Sporichthyales,,Sporichthyales,
Sporichthyales,Epidermidibacterium,,,Epidermidibacterium
Actinomycetota,Streptomycetales,,Streptomycetales,
Streptomycetales,Actinacidiphila,,,Actinacidiphila
Streptomycetales,Kitasatospora,,,Kitasatospora
Streptomycetales,Peterkaempfera,,,Peterkaempfera
Streptomycetales,Streptacidiphilus,,,Streptacidiphilus
Streptomycetales,Streptantibioticus,,,Streptantibioticus
Streptomycetales,Streptomyces,,,Streptomyces
Streptomycetales,Yinghuangia,,,Yinghuangia
Actinomycetota,Streptosporangiales,,Streptosporangiales,
Streptosporangiales,Nocardiopsis,,,Nocardiopsis
Streptosporangiales,Spiractinospora,,,Spiractinospora
Streptosporangiales,Streptomonospora,,,Streptomonospora
Streptosporangiales,Thermobifida,,,Thermobifida
Streptosporangiales,Nonomuraea,,,Nonomuraea
Streptosporangiales,Streptosporangium,,,Streptosporangium
Streptosporangiales,Thermobispora,,,Thermobispora
Streptosporangiales,Actinomadura,,,Actinomadura
Streptosporangiales,Thermomonospora,,,Thermomonospora
Actinomycetota,Acidothermales,,Acidothermales,
Acidothermales,Acidothermus,,,Acidothermus
Actinomycetota,Egibacterales,,Egibacterales,
Egibacterales,Egibacter,,,Egibacter
Actinomycetota,Egicoccales,,Egicoccales,
Egicoccales,Egicoccus,,,Egicoccus
Actinomycetota,Euzebyales,,Euzebyales,
Euzebyales,Euzebya,,,Euzebya
Actinomycetota,Rubrobacterales,,Rubrobacterales,
Rubrobacterales,Baekduia,,,Baekduia
Rubrobacterales,Rubrobacter,,,Rubrobacter
Actinomycetota,Miltoncostaeales,,Miltoncostaeales,
Miltoncostaeales,Miltoncostaea,,,Miltoncostaea
Actinomycetota,Solirubrobacterales,,Solirubrobacterales,
Solirubrobacterales,Capillimicrobium,,,Capillimicrobium
Solirubrobacterales,Conexibacter,,,Conexibacter
Solirubrobacterales,Paraconexibacter,,,Paraconexibacter
Bacteria,Armatimonadetes,Armatimonadetes,,
Armatimonadetes,Fimbriimonadales,,Fimbriimonadales,
Fimbriimonadales,Fimbriimonas,,,Fimbriimonas
Bacteria,Cyanobacteria,Cyanobacteria,,
Cyanobacteria,Chroococcidiopsidales,,Chroococcidiopsidales,
Chroococcidiopsidales,Chroococcidiopsis,,,Chroococcidiopsis
Cyanobacteria,Gloeobacterales,,Gloeobacterales,
Gloeobacterales,Anthocerotibacter,,,Anthocerotibacter
Gloeobacterales,Gloeobacter,,,Gloeobacter
Cyanobacteria,Nostocales,,Nostocales,
Nostocales,Cylindrospermopsis,,,Cylindrospermopsis
Nostocales,Dolichospermum,,,Dolichospermum
Nostocales,Nodularia,,,Nodularia
Nostocales,Calothrix,,,Calothrix
Nostocales,Fischerella,,,Fischerella
Nostocales,Anabaena,,,Anabaena
Nostocales,Nostoc,,,Nostoc
Nostocales,Richelia,,,Richelia
Nostocales,Trichormus,,,Trichormus
Nostocales,Rivularia,,,Rivularia
Nostocales,Tolypothrix,,,Tolypothrix
Cyanobacteria,Chroococcales,,Chroococcales,
Chroococcales,Crocosphaera,,,Crocosphaera
Chroococcales,Gloeothece,,,Gloeothece
Chroococcales,Euhalothece,,,Euhalothece
Chroococcales,Halothece,,,Halothece
Chroococcales,Rippkaea,,,Rippkaea
Chroococcales,Chondrocystis,,,Chondrocystis
Chroococcales,Geminocystis,,,Geminocystis
Chroococcales,Gloeocapsa,,,Gloeocapsa
Chroococcales,Cyanobacterium,,,Cyanobacterium
Chroococcales,Microcystis,,,Microcystis
Cyanobacteria,Oscillatoriales,,Oscillatoriales,
Oscillatoriales,Allocoleopsis,,,Allocoleopsis
Oscillatoriales,Geitlerinema,,,Geitlerinema
Oscillatoriales,Crinalium,,,Crinalium
Oscillatoriales,Arthrospira,,,Arthrospira
Oscillatoriales,Microcoleus,,,Microcoleus
Oscillatoriales,Oxynema,,,Oxynema
Oscillatoriales,Planktothrix,,,Planktothrix
Oscillatoriales,Moorena,,,Moorena
Oscillatoriales,Oscillatoria,,,Oscillatoria
Oscillatoriales,Phormidium,,,Phormidium
Cyanobacteria,Pleurocapsales,,Pleurocapsales,
Pleurocapsales,Stanieria,,,Stanieria
Pleurocapsales,Pleurocapsa,,,Pleurocapsa
Cyanobacteria,Pseudanabaenales,,Pseudanabaenales,
Pseudanabaenales,Kovacikia,,,Kovacikia
Pseudanabaenales,Leptodesmis,,,Leptodesmis
Pseudanabaenales,Leptolyngbya,,,Leptolyngbya
Pseudanabaenales,Leptothermofonsia,,,Leptothermofonsia
Pseudanabaenales,Thermoleptolyngbya,,,Thermoleptolyngbya
Pseudanabaenales,Halomicronema,,,Halomicronema
Pseudanabaenales,Pseudanabaena,,,Pseudanabaena
Pseudanabaenales,Thermosynechococcus,,,Thermosynechococcus
Cyanobacteria,Synechococcales,,Synechococcales,
Synechococcales,Acaryochloris,,,Acaryochloris
Synechococcales,Synechocystis,,,Synechocystis
Synechococcales,Cyanobium,,,Cyanobium
Synechococcales,Parasynechococcus,,,Parasynechococcus
Synechococcales,Prochlorococcus,,,Prochlorococcus
Synechococcales,Dactylococcopsis,,,Dactylococcopsis
Synechococcales,Synechococcus,,,Synechococcus
Cyanobacteria,Thermostichales,,Thermostichales,
Thermostichales,Thermostichus,,,Thermostichus
Bacteria,Deinococcus-Thermus,Deinococcus-Thermus,,
Deinococcus-Thermus,Deinococcales,,Deinococcales,
Deinococcales,Deinococcus,,,Deinococcus
Deinococcus-Thermus,Thermales,,Thermales,
Thermales,Marinithermus,,,Marinithermus
Thermales,Oceanithermus,,,Oceanithermus
Thermales,Thermus,,,Thermus
Thermales,Meiothermus,,,Meiothermus
Deinococcus-Thermus,Trueperales,,Trueperales,
Trueperales,Truepera,,,Truepera
Bacteria,Bacillota,Bacillota,,
Bacillota,Bacillales,,Bacillales,
Bacillales,Alicyclobacillus,,,Alicyclobacillus
Bacillales,Effusibacillus,,,Effusibacillus
Bacillales,Kyrpidia,,,Kyrpidia
Bacillales,Tumebacillus,,,Tumebacillus
Bacillales,Aeribacillus,,,Aeribacillus
Bacillales,Alkalihalobacillus,,,Alkalihalobacillus
Bacillales,Alkalihalophilus,,,Alkalihalophilus
Bacillales,Amphibacillus,,,Amphibacillus
Bacillales,Anaerobacillus,,,Anaerobacillus
Bacillales,Anoxybacillus,,,Anoxybacillus
Bacillales,Bacillus,,,Bacillus
Bacillales,Caldalkalibacillus,,,Caldalkalibacillus
Bacillales,Caldibacillus,,,Caldibacillus
Bacillales,Cytobacillus,,,Cytobacillus
Bacillales,Evansella,,,Evansella
Bacillales,Fictibacillus,,,Fictibacillus
Bacillales,Geobacillus,,,Geobacillus
Bacillales,Gottfriedia,,,Gottfriedia
Bacillales,Gracilibacillus,,,Gracilibacillus
Bacillales,Halalkalibacter,,,Halalkalibacter
Bacillales,Halobacillus,,,Halobacillus
Bacillales,Heyndrickxia,,,Heyndrickxia
Bacillales,Lederbergia,,,Lederbergia
Bacillales,Lentibacillus,,,Lentibacillus
Bacillales,Lysinibacillus,,,Lysinibacillus
Bacillales,Mangrovibacillus,,,Mangrovibacillus
Bacillales,Mesobacillus,,,Mesobacillus
Bacillales,Metabacillus,,,Metabacillus
Bacillales,Neobacillus,,,Neobacillus
Bacillales,Niallia,,,Niallia
Bacillales,Oceanobacillus,,,Oceanobacillus
Bacillales,Paenalkalicoccus,,,Paenalkalicoccus
Bacillales,Parageobacillus,,,Parageobacillus
Bacillales,Paraliobacillus,,,Paraliobacillus
Bacillales,Peribacillus,,,Peribacillus
Bacillales,Pontibacillus,,,Pontibacillus
Bacillales,Pradoshia,,,Pradoshia
Bacillales,Priestia,,,Priestia
Bacillales,Psychrobacillus,,,Psychrobacillus
Bacillales,Radiobacillus,,,Radiobacillus
Bacillales,Rossellomorea,,,Rossellomorea
Bacillales,Salicibibacter,,,Salicibibacter
Bacillales,Salimicrobium,,,Salimicrobium
Bacillales,Salipaludibacillus,,,Salipaludibacillus
Bacillales,Salisediminibacterium,,,Salisediminibacterium
Bacillales,Sediminibacillus,,,Sediminibacillus
Bacillales,Sutcliffiella,,,Sutcliffiella
Bacillales,Terribacillus,,,Terribacillus
Bacillales,Virgibacillus,,,Virgibacillus
Bacillales,Weizmannia,,,Weizmannia
Bacillales,Hydrogenibacillus,,,Hydrogenibacillus
Bacillales,Gemella,,,Gemella
Bacillales,Exiguobacterium,,,Exiguobacterium
Bacillales,Brochothrix,,,Brochothrix
Bacillales,Listeria,,,Listeria
Bacillales,Aneurinibacillus,,,Aneurinibacillus
Bacillales,Brevibacillus,,,Brevibacillus
Bacillales,Cohnella,,,Cohnella
Bacillales,Paenibacillus,,,Paenibacillus
Bacillales,Saccharibacillus,,,Saccharibacillus
Bacillales,Thermobacillus,,,Thermobacillus
Bacillales,Jeotgalibacillus,,,Jeotgalibacillus
Bacillales,Kurthia,,,Kurthia
Bacillales,Paenisporosarcina,,,Paenisporosarcina
Bacillales,Planococcus,,,Planococcus
Bacillales,Rummeliibacillus,,,Rummeliibacillus
Bacillales,Solibacillus,,,Solibacillus
Bacillales,Sporosarcina,,,Sporosarcina
Bacillales,Ureibacillus,,,Ureibacillus
Bacillales,Viridibacillus,,,Viridibacillus
Bacillales,Sporolactobacillus,,,Sporolactobacillus
Bacillales,Abyssicoccus,,,Abyssicoccus
Bacillales,Jeotgalicoccus,,,Jeotgalicoccus
Bacillales,Macrococcus,,,Macrococcus
Bacillales,Mammaliicoccus,,,Mammaliicoccus
Bacillales,Nosocomiicoccus,,,Nosocomiicoccus
Bacillales,Salinicoccus,,,Salinicoccus
Bacillales,Staphylococcus,,,Staphylococcus
Bacillales,Kroppenstedtia,,,Kroppenstedtia
Bacillales,Laceyella,,,Laceyella
Bacillales,Novibacillus,,,Novibacillus
Bacillales,Polycladomyces,,,Polycladomyces
Bacillales,Staphylospora,,,Staphylospora
Bacillales,Thermoactinomyces,,,Thermoactinomyces
Bacillota,Lactobacillales,,Lactobacillales,
Lactobacillales,Abiotrophia,,,Abiotrophia
Lactobacillales,Aerococcus,,,Aerococcus
Lactobacillales,Ignavigranum,,,Ignavigranum
Lactobacillales,Suicoccus,,,Suicoccus
Lactobacillales,Carnobacterium,,,Carnobacterium
Lactobacillales,Dolosigranulum,,,Dolosigranulum
Lactobacillales,Granulicatella,,,Granulicatella
Lactobacillales,Jeotgalibaca,,,Jeotgalibaca
Lactobacillales,Marinilactibacillus,,,Marinilactibacillus
Lactobacillales,Enterococcus,,,Enterococcus
Lactobacillales,Melissococcus,,,Melissococcus
Lactobacillales,Tetragenococcus,,,Tetragenococcus
Lactobacillales,Vagococcus,,,Vagococcus
Lactobacillales,Acetilactobacillus,,,Acetilactobacillus
Lactobacillales,Amylolactobacillus,,,Amylolactobacillus
Lactobacillales,Apilactobacillus,,,Apilactobacillus
Lactobacillales,Bombilactobacillus,,,Bombilactobacillus
Lactobacillales,Companilactobacillus,,,Companilactobacillus
Lactobacillales,Fructilactobacillus,,,Fructilactobacillus
Lactobacillales,Fructobacillus,,,Fructobacillus
Lactobacillales,Furfurilactobacillus,,,Furfurilactobacillus
Lactobacillales,Lacticaseibacillus,,,Lacticaseibacillus
Lactobacillales,Lactiplantibacillus,,,Lactiplantibacillus
Lactobacillales,Lactobacillus,,,Lactobacillus
Lactobacillales,Lapidilactobacillus,,,Lapidilactobacillus
Lactobacillales,Latilactobacillus,,,Latilactobacillus
Lactobacillales,Lentilactobacillus,,,Lentilactobacillus
Lactobacillales,Leuconostoc,,,Leuconostoc
Lactobacillales,Levilactobacillus,,,Levilactobacillus
Lactobacillales,Ligilactobacillus,,,Ligilactobacillus
Lactobacillales,Limosilactobacillus,,,Limosilactobacillus
Lactobacillales,Liquorilactobacillus,,,Liquorilactobacillus
Lactobacillales,Loigolactobacillus,,,Loigolactobacillus
Lactobacillales,Nicolia,,,Nicolia
Lactobacillales,Oenococcus,,,Oenococcus
Lactobacillales,Paucilactobacillus,,,Paucilactobacillus
Lactobacillales,Pediococcus,,,Pediococcus
Lactobacillales,Periweissella,,,Periweissella
Lactobacillales,Schleiferilactobacillus,,,Schleiferilactobacillus
Lactobacillales,Secundilactobacillus,,,Secundilactobacillus
Lactobacillales,Weissella,,,Weissella
Lactobacillales,Floricoccus,,,Floricoccus
Lactobacillales,Lactococcus,,,Lactococcus
Lactobacillales,Streptococcus,,,Streptococcus
Bacillota,Ndongobacter,,Ndongobacter,
Bacillota,Eubacteriales,,Eubacteriales,
Eubacteriales,Cellulosilyticum,,,Cellulosilyticum
Eubacteriales,Christensenella,,,Christensenella
Eubacteriales,Alkaliphilus,,,Alkaliphilus
Eubacteriales,Caloramator,,,Caloramator
Eubacteriales,Clostridium,,,Clostridium
Eubacteriales,Crassaminicella,,,Crassaminicella
Eubacteriales,Geosporobacter,,,Geosporobacter
Eubacteriales,Hathewaya,,,Hathewaya
Eubacteriales,Hungatella,,,Hungatella
Eubacteriales,Oceanirhabdus,,,Oceanirhabdus
Eubacteriales,Paraclostridium,,,Paraclostridium
Eubacteriales,Sarcina,,,Sarcina
Eubacteriales,Desulfoscipio,,,Desulfoscipio
Eubacteriales,Dehalobacter,,,Dehalobacter
Eubacteriales,Desulfitobacterium,,,Desulfitobacterium
Eubacteriales,Desulfosporosinus,,,Desulfosporosinus
Eubacteriales,Syntrophobotulus,,,Syntrophobotulus
Eubacteriales,Desulfotomaculum,,,Desulfotomaculum
Eubacteriales,Alkalibacter,,,Alkalibacter
Eubacteriales,Eubacterium,,,Eubacterium
Eubacteriales,Carboxydocella,,,Carboxydocella
Eubacteriales,Thermaerobacter,,,Thermaerobacter
Eubacteriales,Aminipila,,,Aminipila
Eubacteriales,Emergencia,,,Emergencia
Eubacteriales,Mogibacterium,,,Mogibacterium
Eubacteriales,Fenollaria,,,Fenollaria
Eubacteriales,Flintibacter,,,Flintibacter
Eubacteriales,Intestinimonas,,,Intestinimonas
Eubacteriales,Massilistercora,,,Massilistercora
Eubacteriales,Heliomicrobium,,,Heliomicrobium
Eubacteriales,Heliorestis,,,Heliorestis
Eubacteriales,Anaerobutyricum,,,Anaerobutyricum
Eubacteriales,Anaerocolumna,,,Anaerocolumna
Eubacteriales,Anaeropeptidivorans,,,Anaeropeptidivorans
Eubacteriales,Anaerostipes,,,Anaerostipes
Eubacteriales,Anaerotignum,,,Anaerotignum
Eubacteriales,Blautia,,,Blautia
Eubacteriales,Butyrivibrio,,,Butyrivibrio
Eubacteriales,Coprococcus,,,Coprococcus
Eubacteriales,Dorea,,,Dorea
Eubacteriales,Enterocloster,,,Enterocloster
Eubacteriales,Herbinix,,,Herbinix
Eubacteriales,Lachnoanaerobaculum,,,Lachnoanaerobaculum
Eubacteriales,Lachnoclostridium,,,Lachnoclostridium
Eubacteriales,Lachnospira,,,Lachnospira
Eubacteriales,Lacrimispora,,,Lacrimispora
Eubacteriales,Marvinbryantia,,,Marvinbryantia
Eubacteriales,Novisyntrophococcus,,,Novisyntrophococcus
Eubacteriales,Pseudobutyrivibrio,,,Pseudobutyrivibrio
Eubacteriales,Qiania,,,Qiania
Eubacteriales,Roseburia,,,Roseburia
Eubacteriales,Sellimonas,,,Sellimonas
Eubacteriales,Simiaoa,,,Simiaoa
Eubacteriales,Wansuia,,,Wansuia
Eubacteriales,Wujia,,,Wujia
Eubacteriales,Acetivibrio,,,Acetivibrio
Eubacteriales,Anaerotruncus,,,Anaerotruncus
Eubacteriales,Caproicibacter,,,Caproicibacter
Eubacteriales,Caproiciproducens,,,Caproiciproducens
Eubacteriales,Dysosmobacter,,,Dysosmobacter
Eubacteriales,Ethanoligenens,,,Ethanoligenens
Eubacteriales,Fastidiosipila,,,Fastidiosipila
Eubacteriales,Flavonifractor,,,Flavonifractor
Eubacteriales,Mageeibacillus,,,Mageeibacillus
Eubacteriales,Pseudoclostridium,,,Pseudoclostridium
Eubacteriales,Pusillibacter,,,Pusillibacter
Eubacteriales,Ruminiclostridium,,,Ruminiclostridium
Eubacteriales,Ruminococcus,,,Ruminococcus
Eubacteriales,Ruthenibacterium,,,Ruthenibacterium
Eubacteriales,Solibaculum,,,Solibaculum
Eubacteriales,Subdoligranulum,,,Subdoligranulum
Eubacteriales,Thermoclostridium,,,Thermoclostridium
Eubacteriales,Vescimonas,,,Vescimonas
Eubacteriales,Acididesulfobacillus,,,Acididesulfobacillus
Eubacteriales,Desulfofarcimen,,,Desulfofarcimen
Eubacteriales,Desulforamulus,,,Desulforamulus
Eubacteriales,Thermanaerosceptrum,,,Thermanaerosceptrum
Eubacteriales,Acetoanaerobium,,,Acetoanaerobium
Eubacteriales,Clostridioides,,,Clostridioides
Eubacteriales,Filifactor,,,Filifactor
Eubacteriales,Paeniclostridium,,,Paeniclostridium
Eubacteriales,Peptacetobacter,,,Peptacetobacter
Eubacteriales,Peptoclostridium,,,Peptoclostridium
Eubacteriales,Peptostreptococcus,,,Peptostreptococcus
Eubacteriales,Romboutsia,,,Romboutsia
Eubacteriales,Tepidibacter,,,Tepidibacter
Eubacteriales,Terrisporobacter,,,Terrisporobacter
Eubacteriales,Alkalicella,,,Alkalicella
Eubacteriales,Caldinitratiruptor,,,Caldinitratiruptor
Eubacteriales,Symbiobacterium,,,Symbiobacterium
Eubacteriales,Syntrophomonas,,,Syntrophomonas
Eubacteriales,Syntrophothermus,,,Syntrophothermus
Eubacteriales,Thermincola,,,Thermincola
Eubacteriales,Petrocella,,,Petrocella
Eubacteriales,Vallitalea,,,Vallitalea
Bacillota,Halanaerobiales,,Halanaerobiales,
Halanaerobiales,Halanaerobium,,,Halanaerobium
Halanaerobiales,Iocasia,,,Iocasia
Halanaerobiales,Halothermothrix,,,Halothermothrix
Halanaerobiales,Anoxybacter,,,Anoxybacter
Halanaerobiales,Acetohalobium,,,Acetohalobium
Halanaerobiales,Halobacteroides,,,Halobacteroides
Bacillota,Koleobacterales,,Koleobacterales,
Koleobacterales,Koleobacter,,,Koleobacter
Bacillota,Natranaerobiales,,Natranaerobiales,
Natranaerobiales,Natranaerobius,,,Natranaerobius
Natranaerobiales,Natranaerofaba,,,Natranaerofaba
Bacillota,Thermoanaerobacterales,,Thermoanaerobacterales,
Thermoanaerobacterales,Caldanaerobacter,,,Caldanaerobacter
Thermoanaerobacterales,Gelria,,,Gelria
Thermoanaerobacterales,Ammonifex,,,Ammonifex
Thermoanaerobacterales,Moorella,,,Moorella
Thermoanaerobacterales,Thermacetogenium,,,Thermacetogenium
Thermoanaerobacterales,Thermoanaerobacter,,,Thermoanaerobacter
Thermoanaerobacterales,Carboxydothermus,,,Carboxydothermus
Thermoanaerobacterales,Caldicellulosiruptor,,,Caldicellulosiruptor
Thermoanaerobacterales,Mahella,,,Mahella
Thermoanaerobacterales,Thermodesulfobium,,,Thermodesulfobium
Thermoanaerobacterales,Zhaonella,,,Zhaonella
Bacillota,Thermosediminibacterales,,Thermosediminibacterales,
Thermosediminibacterales,Tepidanaerobacter,,,Tepidanaerobacter
Thermosediminibacterales,Thermosediminibacter,,,Thermosediminibacter
Bacillota,Erysipelotrichales,,Erysipelotrichales,
Erysipelotrichales,Catenibacterium,,,Catenibacterium
Erysipelotrichales,Allobaculum,,,Allobaculum
Erysipelotrichales,Amedibacterium,,,Amedibacterium
Erysipelotrichales,Bulleidia,,,Bulleidia
Bacteria,,,,
,,,,
,Erysipelatoclostridium,,,Erysipelatoclostridium
Erysipelotrichales,Erysipelothrix,,,Erysipelothrix
Erysipelotrichales,Faecalibacillus,,,Faecalibacillus
Erysipelotrichales,Faecalibaculum,,,Faecalibaculum
Erysipelotrichales,Intestinibaculum,,,Intestinibaculum
Erysipelotrichales,Longicatena,,,Longicatena
Erysipelotrichales,Tannockella,,,Tannockella
Erysipelotrichales,Turicibacter,,,Turicibacter
Bacillota,Limnochordales,,Limnochordales,
Limnochordales,Limnochorda,,,Limnochorda
Bacillota,Acidaminococcales,,Acidaminococcales,
Acidaminococcales,Acidaminococcus,,,Acidaminococcus
Acidaminococcales,Phascolarctobacterium,,,Phascolarctobacterium
Bacillota,Selenomonadales,,Selenomonadales,
Selenomonadales,Megamonas,,,Megamonas
Selenomonadales,Pectinatus,,,Pectinatus
Selenomonadales,Selenomonas,,,Selenomonas
Selenomonadales,Methylomusa,,,Methylomusa
Selenomonadales,Pelosinus,,,Pelosinus
Selenomonadales,Sporomusa,,,Sporomusa
Bacillota,Veillonellales,,Veillonellales,
Veillonellales,Dialister,,,Dialister
Veillonellales,Megasphaera,,,Megasphaera
Veillonellales,Veillonella,,,Veillonella
Bacillota,Tissierellales,,Tissierellales,
Tissierellales,Acidilutibacter,,,Acidilutibacter
Tissierellales,Gottschalkia,,,Gottschalkia
Tissierellales,Anaerococcus,,,Anaerococcus
Tissierellales,Finegoldia,,,Finegoldia
Tissierellales,Miniphocaeibacter,,,Miniphocaeibacter
Tissierellales,Murdochiella,,,Murdochiella
Tissierellales,Parvimonas,,,Parvimonas
Tissierellales,Peptoniphilus,,,Peptoniphilus
Tissierellales,Keratinibaculum,,,Keratinibaculum
Tissierellales,Caloranaerobacter,,,Caloranaerobacter
Tissierellales,Gudongella,,,Gudongella
Bacillota,Ezakiella,,Ezakiella,
Bacillota,Sedimentibacter,,Sedimentibacter,
Bacteria,Chloroflexi,Chloroflexi,,
Chloroflexi,Anaerolineales,,Anaerolineales,
Anaerolineales,Anaerolinea,,,Anaerolinea
Anaerolineales,Brevefilum,,,Brevefilum
Anaerolineales,Pelolinea,,,Pelolinea
Chloroflexi,Caldilineales,,Caldilineales,
Caldilineales,Caldilinea,,,Caldilinea
Chloroflexi,Phototrophicales,,Phototrophicales,
Phototrophicales,Phototrophicus,,,Phototrophicus
Chloroflexi,Thermobaculum,,Thermobaculum,
Chloroflexi,Chloroflexales,,Chloroflexales,
Chloroflexales,Chloroflexus,,,Chloroflexus
Chloroflexales,Roseiflexus,,,Roseiflexus
Chloroflexi,Dehalococcoidales,,Dehalococcoidales,
Dehalococcoidales,Dehalococcoides,,,Dehalococcoides
Chloroflexi,Dehalogenimonas,,Dehalogenimonas,
Chloroflexi,Ktedonobacterales,,Ktedonobacterales,
Ktedonobacterales,Ktedonosporobacter,,,Ktedonosporobacter
Chloroflexi,Tepidiformales,,Tepidiformales,
Tepidiformales,Tepidiforma,,,Tepidiforma
Chloroflexi,Sphaerobacterales,,Sphaerobacterales,
Sphaerobacterales,Sphaerobacter,,,Sphaerobacter
Chloroflexi,Thermomicrobiales,,Thermomicrobiales,
Thermomicrobiales,Thermomicrobium,,,Thermomicrobium
Bacteria,Tenericutes,Tenericutes,,
Tenericutes,Candidatus Izemoplasmatales,,Candidatus Izemoplasmatales,
Candidatus Izemoplasmatales,Xianfuyuplasma,,,Xianfuyuplasma
Tenericutes,Acholeplasmatales,,Acholeplasmatales,
Acholeplasmatales,Acholeplasma,,,Acholeplasma
Acholeplasmatales,Alteracholeplasma,,,Alteracholeplasma
Acholeplasmatales,Haploplasma,,,Haploplasma
Acholeplasmatales,Mariniplasma,,,Mariniplasma
Acholeplasmatales,Paracholeplasma,,,Paracholeplasma
Tenericutes,Entomoplasmatales,,Entomoplasmatales,
Entomoplasmatales,Entomoplasma,,,Entomoplasma
Entomoplasmatales,Mesoplasma,,,Mesoplasma
Entomoplasmatales,Spiroplasma,,,Spiroplasma
Entomoplasmatales,Williamsoniiplasma,,,Williamsoniiplasma
Tenericutes,Mycoplasmatales,,Mycoplasmatales,
Mycoplasmatales,Mesomycoplasma,,,Mesomycoplasma
Mycoplasmatales,Mycoplasma,,,Mycoplasma
Mycoplasmatales,Mycoplasmopsis,,,Mycoplasmopsis
Mycoplasmatales,Ureaplasma,,,Ureaplasma
Tenericutes,Mycoplasmoidales,,Mycoplasmoidales,
Mycoplasmoidales,Metamycoplasma,,,Metamycoplasma
Mycoplasmoidales,Mycoplasmoides,,,Mycoplasmoides
Mycoplasmoidales,Malacoplasma,,,Malacoplasma
Bacteria,Thermodesulfobacteria,Thermodesulfobacteria,,
Thermodesulfobacteria,Thermodesulfobacteriales,,Thermodesulfobacteriales,
Thermodesulfobacteriales,Caldimicrobium,,,Caldimicrobium
Thermodesulfobacteriales,Thermodesulfatator,,,Thermodesulfatator
Thermodesulfobacteriales,Thermodesulfobacterium,,,Thermodesulfobacterium
Thermodesulfobacteriales,Thermosulfurimonas,,,Thermosulfurimonas
Thermodesulfobacteriales,Thermosulfuriphilus,,,Thermosulfuriphilus
Bacteria,Thermotogae,Thermotogae,,
Thermotogae,Kosmotogales,,Kosmotogales,
Kosmotogales,Kosmotoga,,,Kosmotoga
Kosmotogales,Mesotoga,,,Mesotoga
Thermotogae,Mesoaciditogales,,Mesoaciditogales,
Mesoaciditogales,Athalassotoga,,,Athalassotoga
Thermotogae,Petrotogales,,Petrotogales,
Petrotogales,Defluviitoga,,,Defluviitoga
Petrotogales,Marinitoga,,,Marinitoga
Petrotogales,Oceanotoga,,,Oceanotoga
Petrotogales,Petrotoga,,,Petrotoga
Petrotogales,Tepiditoga,,,Tepiditoga
Thermotogae,Thermotogales,,Thermotogales,
Thermotogales,Fervidobacterium,,,Fervidobacterium
Thermotogales,Thermosipho,,,Thermosipho
Thermotogales,Thermotoga,,,Thermotoga
Thermotogales,Pseudothermotoga,,,Pseudothermotoga
Bacteria,Coprothermobacterota,Coprothermobacterota,,
Coprothermobacterota,Coprothermobacterales,,Coprothermobacterales,
Coprothermobacterales,Coprothermobacter,,,Coprothermobacter
